#-----------------------------------------------------------
# Vivado v2024.2 (64-bit)
# SW Build 5239630 on Fri Nov 08 22:35:27 MST 2024
# IP Build 5239520 on Sun Nov 10 16:12:51 MST 2024
# SharedData Build 5239561 on Fri Nov 08 14:39:27 MST 2024
# Start of session at: Sun Mar 22 20:26:57 2026
# Process ID         : 2184
# Current directory  : C:/Users/krush/Music/RISC_V_PIPELINED
# Command line       : vivado.exe -gui_launcher_event rodinguilauncherevent19020 C:\Users\krush\Music\RISC_V_PIPELINED\RISC_V_PROCESSOR.xpr
# Log file           : C:/Users/krush/Music/RISC_V_PIPELINED/vivado.log
# Journal file       : C:/Users/krush/Music/RISC_V_PIPELINED\vivado.jou
# Running On         : K_Victus
# Platform           : Windows Server 2016 or Windows 10
# Operating System   : 26200
# Processor Detail   : AMD Ryzen 7 7840HS w/ Radeon 780M Graphics     
# CPU Frequency      : 3793 MHz
# CPU Physical cores : 8
# CPU Logical cores  : 16
# Host memory        : 16415 MB
# Swap memory        : 12884 MB
# Total Virtual      : 29300 MB
# Available Virtual  : 10878 MB
#-----------------------------------------------------------
start_gui
open_project C:/Users/krush/Music/RISC_V_PIPELINED/RISC_V_PROCESSOR.xpr
INFO: [filemgmt 56-3] Default IP Output Path : Could not find the directory 'C:/Users/krush/Music/RISC_V_PIPELINED/RISC_V_PROCESSOR.gen/sources_1'.
Scanning sources...
Finished scanning sources
INFO: [IP_Flow 19-234] Refreshing IP repositories
INFO: [IP_Flow 19-1704] No user IP repositories specified
INFO: [IP_Flow 19-2313] Loaded Vivado IP repository 'C:/Xilinx/Vivado/2024.2/data/ip'.
update_compile_order -fileset sources_1
WARNING: [filemgmt 56-199] Attempt to get parsing info during refresh. "On-the-fly" syntax checking information may be incorrect. [C:\Users\krush\Music\RISC_V_PIPELINED\RISC_V_PROCESSOR.srcs\sim_1\new\tb_riscv.v:]
WARNING: [filemgmt 56-199] Attempt to get parsing info during refresh. "On-the-fly" syntax checking information may be incorrect. [C:\Users\krush\Music\RISC_V_PIPELINED\RISC_V_PROCESSOR.srcs\sources_1\new\Instr_mem.v:]
WARNING: [filemgmt 56-199] Attempt to get parsing info during refresh. "On-the-fly" syntax checking information may be incorrect. [C:\Users\krush\Music\RISC_V_PIPELINED\RISC_V_PROCESSOR.srcs\sources_1\new\Instr_mem.v:]
WARNING: [filemgmt 56-199] Attempt to get parsing info during refresh. "On-the-fly" syntax checking information may be incorrect. [C:\Users\krush\Music\RISC_V_PIPELINED\RISC_V_PROCESSOR.srcs\sources_1\new\Instr_mem.v:]
ERROR: [Common 17-180] Spawn failed: No error
WARNING: [filemgmt 56-199] Attempt to get parsing info during refresh. "On-the-fly" syntax checking information may be incorrect. [C:\Users\krush\Music\RISC_V_PIPELINED\RISC_V_PROCESSOR.srcs\sim_1\new\tb_riscv.v:]
WARNING: [filemgmt 56-199] Attempt to get parsing info during refresh. "On-the-fly" syntax checking information may be incorrect. [C:\Users\krush\Music\RISC_V_PIPELINED\RISC_V_PROCESSOR.srcs\sources_1\new\Instr_mem.v:]
WARNING: [filemgmt 56-199] Attempt to get parsing info during refresh. "On-the-fly" syntax checking information may be incorrect. [C:\Users\krush\Music\RISC_V_PIPELINED\RISC_V_PROCESSOR.srcs\sources_1\new\Instr_mem.v:]
WARNING: [filemgmt 56-199] Attempt to get parsing info during refresh. "On-the-fly" syntax checking information may be incorrect. [C:\Users\krush\Music\RISC_V_PIPELINED\RISC_V_PROCESSOR.srcs\sources_1\new\Instr_mem.v:]
ERROR: [Common 17-180] Spawn failed: No error
launch_simulation
Command: launch_simulation 
INFO: [Vivado 12-12493] Simulation top is 'tb_riscv'
WARNING: [Vivado 12-13340] Unable to auto find GCC executables from simulator install path! (path not set)
INFO: [Vivado 12-5682] Launching behavioral simulation in 'C:/Users/krush/Music/RISC_V_PIPELINED/RISC_V_PROCESSOR.sim/sim_1/behav/xsim'
INFO: [SIM-utils-51] Simulation object is 'sim_1'
INFO: [SIM-utils-72] Using boost library from 'C:/Xilinx/Vivado/2024.2/tps/boost_1_72_0'
INFO: [SIM-utils-54] Inspecting design source files for 'tb_riscv' in fileset 'sim_1'...
INFO: [USF-XSim-97] Finding global include files...
INFO: [USF-XSim-98] Fetching design files from 'sim_1'...
INFO: [USF-XSim-2] XSim::Compile design
INFO: [USF-XSim-61] Executing 'COMPILE and ANALYZE' step in 'C:/Users/krush/Music/RISC_V_PIPELINED/RISC_V_PROCESSOR.sim/sim_1/behav/xsim'
"xvlog --incr --relax -prj tb_riscv_vlog.prj"
INFO: [VRFC 10-2263] Analyzing Verilog file "C:/Users/krush/Music/RISC_V_PIPELINED/RISC_V_PROCESSOR.srcs/sources_1/new/ALU.v" into library xil_defaultlib
INFO: [VRFC 10-311] analyzing module ALU
INFO: [VRFC 10-2263] Analyzing Verilog file "C:/Users/krush/Music/RISC_V_PIPELINED/RISC_V_PROCESSOR.srcs/sources_1/new/Control_unit.v" into library xil_defaultlib
INFO: [VRFC 10-311] analyzing module Control_unit
INFO: [VRFC 10-2263] Analyzing Verilog file "C:/Users/krush/Music/RISC_V_PIPELINED/RISC_V_PROCESSOR.srcs/sources_1/new/D_FF.v" into library xil_defaultlib
INFO: [VRFC 10-311] analyzing module D_FF
INFO: [VRFC 10-2263] Analyzing Verilog file "C:/Users/krush/Music/RISC_V_PIPELINED/RISC_V_PROCESSOR.srcs/sources_1/new/D_FF_enable.v" into library xil_defaultlib
INFO: [VRFC 10-311] analyzing module D_FF_enable
INFO: [VRFC 10-2263] Analyzing Verilog file "C:/Users/krush/Music/RISC_V_PIPELINED/RISC_V_PROCESSOR.srcs/sources_1/new/D_FF_enable_Flush.v" into library xil_defaultlib
INFO: [VRFC 10-311] analyzing module D_FF_enable_Flush
INFO: [VRFC 10-2263] Analyzing Verilog file "C:/Users/krush/Music/RISC_V_PIPELINED/RISC_V_PROCESSOR.srcs/sources_1/new/D_FF_flush.v" into library xil_defaultlib
INFO: [VRFC 10-311] analyzing module D_FF_flush
INFO: [VRFC 10-2263] Analyzing Verilog file "C:/Users/krush/Music/RISC_V_PIPELINED/RISC_V_PROCESSOR.srcs/sources_1/new/Data_mem.v" into library xil_defaultlib
INFO: [VRFC 10-311] analyzing module Data_mem
INFO: [VRFC 10-2263] Analyzing Verilog file "C:/Users/krush/Music/RISC_V_PIPELINED/RISC_V_PROCESSOR.srcs/sources_1/new/Imm_gen.v" into library xil_defaultlib
INFO: [VRFC 10-311] analyzing module Imm_gen
INFO: [VRFC 10-2263] Analyzing Verilog file "C:/Users/krush/Music/RISC_V_PIPELINED/RISC_V_PROCESSOR.srcs/sources_1/new/Instr_mem.v" into library xil_defaultlib
INFO: [VRFC 10-311] analyzing module Instr_mem
INFO: [VRFC 10-2263] Analyzing Verilog file "C:/Users/krush/Music/RISC_V_PIPELINED/RISC_V_PROCESSOR.srcs/sources_1/new/Register_file.v" into library xil_defaultlib
INFO: [VRFC 10-311] analyzing module Register_file
INFO: [VRFC 10-2263] Analyzing Verilog file "C:/Users/krush/Music/RISC_V_PIPELINED/RISC_V_PROCESSOR.srcs/sources_1/new/decode_cycle.v" into library xil_defaultlib
INFO: [VRFC 10-311] analyzing module decode_cycle
INFO: [VRFC 10-2263] Analyzing Verilog file "C:/Users/krush/Music/RISC_V_PIPELINED/RISC_V_PROCESSOR.srcs/sources_1/new/execute_cycle.v" into library xil_defaultlib
INFO: [VRFC 10-311] analyzing module execute_cycle
INFO: [VRFC 10-2263] Analyzing Verilog file "C:/Users/krush/Music/RISC_V_PIPELINED/RISC_V_PROCESSOR.srcs/sources_1/new/fetch_cycle.v" into library xil_defaultlib
INFO: [VRFC 10-311] analyzing module fetch_cycle
INFO: [VRFC 10-2263] Analyzing Verilog file "C:/Users/krush/Music/RISC_V_PIPELINED/RISC_V_PROCESSOR.srcs/sources_1/new/hazard_unit.v" into library xil_defaultlib
INFO: [VRFC 10-311] analyzing module hazard_unit
INFO: [VRFC 10-2263] Analyzing Verilog file "C:/Users/krush/Music/RISC_V_PIPELINED/RISC_V_PROCESSOR.srcs/sources_1/new/load_unit.v" into library xil_defaultlib
INFO: [VRFC 10-311] analyzing module load_unit
INFO: [VRFC 10-2263] Analyzing Verilog file "C:/Users/krush/Music/RISC_V_PIPELINED/RISC_V_PROCESSOR.srcs/sources_1/new/memory_cycle.v" into library xil_defaultlib
INFO: [VRFC 10-311] analyzing module memory_cycle
INFO: [VRFC 10-2263] Analyzing Verilog file "C:/Users/krush/Music/RISC_V_PIPELINED/RISC_V_PROCESSOR.srcs/sources_1/new/store_unit.v" into library xil_defaultlib
INFO: [VRFC 10-311] analyzing module store_unit
INFO: [VRFC 10-2263] Analyzing Verilog file "C:/Users/krush/Music/RISC_V_PIPELINED/RISC_V_PROCESSOR.srcs/sources_1/new/top.v" into library xil_defaultlib
INFO: [VRFC 10-311] analyzing module top
INFO: [VRFC 10-2263] Analyzing Verilog file "C:/Users/krush/Music/RISC_V_PIPELINED/RISC_V_PROCESSOR.srcs/sources_1/new/write_cycle.v" into library xil_defaultlib
INFO: [VRFC 10-311] analyzing module write_cycle
INFO: [VRFC 10-2263] Analyzing Verilog file "C:/Users/krush/Music/RISC_V_PIPELINED/RISC_V_PROCESSOR.srcs/sim_1/new/tb_riscv.v" into library xil_defaultlib
INFO: [VRFC 10-311] analyzing module tb_riscv
INFO: [USF-XSim-69] 'compile' step finished in '3' seconds
INFO: [USF-XSim-3] XSim::Elaborate design
INFO: [USF-XSim-61] Executing 'ELABORATE' step in 'C:/Users/krush/Music/RISC_V_PIPELINED/RISC_V_PROCESSOR.sim/sim_1/behav/xsim'
"xelab --incr --debug typical --relax --mt 2 -L xil_defaultlib -L unisims_ver -L unimacro_ver -L secureip --snapshot tb_riscv_behav xil_defaultlib.tb_riscv xil_defaultlib.glbl -log elaborate.log"
Vivado Simulator v2024.2.0
Copyright 1986-2022 Xilinx, Inc. All Rights Reserved.
Copyright 2022-2024 Advanced Micro Devices, Inc. All Rights Reserved.
Running: C:/Xilinx/Vivado/2024.2/bin/unwrapped/win64.o/xelab.exe --incr --debug typical --relax --mt 2 -L xil_defaultlib -L unisims_ver -L unimacro_ver -L secureip --snapshot tb_riscv_behav xil_defaultlib.tb_riscv xil_defaultlib.glbl -log elaborate.log 
Using 2 slave threads.
Starting static elaboration
Pass Through NonSizing Optimizer
Completed static elaboration
Starting simulation data flow analysis
Completed simulation data flow analysis
Time Resolution for simulation is 1ps
Compiling module xil_defaultlib.D_FF_enable
Compiling module xil_defaultlib.Instr_mem
Compiling module xil_defaultlib.D_FF_enable_Flush
Compiling module xil_defaultlib.fetch_cycle
Compiling module xil_defaultlib.Control_unit
Compiling module xil_defaultlib.Imm_gen
Compiling module xil_defaultlib.Register_file
Compiling module xil_defaultlib.D_FF_flush
Compiling module xil_defaultlib.D_FF_flush(WIDTH=1)
Compiling module xil_defaultlib.D_FF_flush(WIDTH=2)
Compiling module xil_defaultlib.D_FF_flush(WIDTH=4)
Compiling module xil_defaultlib.D_FF_flush(WIDTH=3)
Compiling module xil_defaultlib.D_FF_flush(WIDTH=5)
Compiling module xil_defaultlib.decode_cycle
Compiling module xil_defaultlib.ALU
Compiling module xil_defaultlib.D_FF(WIDTH=1)
Compiling module xil_defaultlib.D_FF(WIDTH=3)
Compiling module xil_defaultlib.D_FF(WIDTH=2)
Compiling module xil_defaultlib.D_FF
Compiling module xil_defaultlib.D_FF(WIDTH=5)
Compiling module xil_defaultlib.execute_cycle
Compiling module xil_defaultlib.store_unit
Compiling module xil_defaultlib.Data_mem
Compiling module xil_defaultlib.memory_cycle
Compiling module xil_defaultlib.load_unit
Compiling module xil_defaultlib.write_cycle
Compiling module xil_defaultlib.hazard_unit
Compiling module xil_defaultlib.top
Compiling module xil_defaultlib.tb_riscv
Compiling module xil_defaultlib.glbl
Built simulation snapshot tb_riscv_behav
INFO: [USF-XSim-69] 'elaborate' step finished in '3' seconds
INFO: [USF-XSim-4] XSim::Simulate design
INFO: [USF-XSim-61] Executing 'SIMULATE' step in 'C:/Users/krush/Music/RISC_V_PIPELINED/RISC_V_PROCESSOR.sim/sim_1/behav/xsim'
INFO: [USF-XSim-98] *** Running xsim
   with args "tb_riscv_behav -key {Behavioral:sim_1:Functional:tb_riscv} -tclbatch {tb_riscv.tcl} -log {simulate.log}"
INFO: [USF-XSim-8] Loading simulator feature
Time resolution is 1 ps
source tb_riscv.tcl
# set curr_wave [current_wave_config]
# if { [string length $curr_wave] == 0 } {
#   if { [llength [get_objects]] > 0} {
#     add_wave /
#     set_property needs_save false [current_wave_config]
#   } else {
#      send_msg_id Add_Wave-1 WARNING "No top level signals found. Simulator will start without a wave window. If you want to open a wave window go to 'File->New Waveform Configuration' or type 'create_wave_config' in the TCL console."
#   }
# }
# run 1000ns
Loading instruction memory from rv32i_test1.hex
Result = 4294967293
1. addi implementation is correct for x0 
2. addi implementation is correct 
3. slli implementation is correct 
4. slti implementation is correct 
5. sltiu implementation is correct 
6. xori implementation is correct 
7. srli implementation is correct 
8. srai implementation is correct 
9. ori implementation is correct 
10. andi implementation is correct
11. add implementation is correct 
12. sub implementation is correct 
13. sll implementation is correct 
14. slt implementation is correct 
15. sltu implementation is correct 
16. xor implementation is correct 
17. srl implementation is correct 
18. sra implementation is correct 
19. or implementation is correct 
20. and implementation is correct 
21. lui implementation is correct 
22. auipc implementation is correct 
23. sb implementation is correct
24. sh implementation is correct
25. sw implementation is correct
26. lb implementation is correct
27. lh implementation is correct
28. lw implementation is correct
29. lbu implementation is correct
30. lhu implementation is correct
31. blt is executing
31. blt is executing
31. blt is executing
31. blt is executing
31. blt is executing
31. blt is executing
31. blt is executing
31. blt is executing
31. blt is executing
31. blt is executing
31. blt implementation is correct 
32. bge is executing
32. bge is executing
INFO: [USF-XSim-96] XSim completed. Design snapshot 'tb_riscv_behav' loaded.
INFO: [USF-XSim-97] XSim simulation ran for 1000ns
launch_simulation: Time (s): cpu = 00:00:04 ; elapsed = 00:00:09 . Memory (MB): peak = 1285.879 ; gain = 31.145
close_sim
INFO: [Simtcl 6-16] Simulation closed
WARNING: [filemgmt 56-199] Attempt to get parsing info during refresh. "On-the-fly" syntax checking information may be incorrect. [C:\Users\krush\Music\RISC_V_PIPELINED\RISC_V_PROCESSOR.srcs\sim_1\new\tb_riscv.v:]
WARNING: [filemgmt 56-199] Attempt to get parsing info during refresh. "On-the-fly" syntax checking information may be incorrect. [C:\Users\krush\Music\RISC_V_PIPELINED\RISC_V_PROCESSOR.srcs\sources_1\new\Instr_mem.v:]
WARNING: [filemgmt 56-199] Attempt to get parsing info during refresh. "On-the-fly" syntax checking information may be incorrect. [C:\Users\krush\Music\RISC_V_PIPELINED\RISC_V_PROCESSOR.srcs\sources_1\new\Instr_mem.v:]
WARNING: [filemgmt 56-199] Attempt to get parsing info during refresh. "On-the-fly" syntax checking information may be incorrect. [C:\Users\krush\Music\RISC_V_PIPELINED\RISC_V_PROCESSOR.srcs\sources_1\new\Instr_mem.v:]
ERROR: [Common 17-180] Spawn failed: No error
launch_simulation
Command: launch_simulation 
INFO: [Vivado 12-12493] Simulation top is 'tb_riscv'
WARNING: [Vivado 12-13340] Unable to auto find GCC executables from simulator install path! (path not set)
INFO: [Vivado 12-5682] Launching behavioral simulation in 'C:/Users/krush/Music/RISC_V_PIPELINED/RISC_V_PROCESSOR.sim/sim_1/behav/xsim'
INFO: [SIM-utils-51] Simulation object is 'sim_1'
INFO: [SIM-utils-72] Using boost library from 'C:/Xilinx/Vivado/2024.2/tps/boost_1_72_0'
INFO: [SIM-utils-54] Inspecting design source files for 'tb_riscv' in fileset 'sim_1'...
INFO: [USF-XSim-97] Finding global include files...
INFO: [USF-XSim-98] Fetching design files from 'sim_1'...
INFO: [USF-XSim-2] XSim::Compile design
INFO: [USF-XSim-61] Executing 'COMPILE and ANALYZE' step in 'C:/Users/krush/Music/RISC_V_PIPELINED/RISC_V_PROCESSOR.sim/sim_1/behav/xsim'
"xvlog --incr --relax -prj tb_riscv_vlog.prj"
INFO: [VRFC 10-2263] Analyzing Verilog file "C:/Users/krush/Music/RISC_V_PIPELINED/RISC_V_PROCESSOR.srcs/sources_1/new/ALU.v" into library xil_defaultlib
INFO: [VRFC 10-311] analyzing module ALU
INFO: [VRFC 10-2263] Analyzing Verilog file "C:/Users/krush/Music/RISC_V_PIPELINED/RISC_V_PROCESSOR.srcs/sources_1/new/Control_unit.v" into library xil_defaultlib
INFO: [VRFC 10-311] analyzing module Control_unit
INFO: [VRFC 10-2263] Analyzing Verilog file "C:/Users/krush/Music/RISC_V_PIPELINED/RISC_V_PROCESSOR.srcs/sources_1/new/D_FF.v" into library xil_defaultlib
INFO: [VRFC 10-311] analyzing module D_FF
INFO: [VRFC 10-2263] Analyzing Verilog file "C:/Users/krush/Music/RISC_V_PIPELINED/RISC_V_PROCESSOR.srcs/sources_1/new/D_FF_enable.v" into library xil_defaultlib
INFO: [VRFC 10-311] analyzing module D_FF_enable
INFO: [VRFC 10-2263] Analyzing Verilog file "C:/Users/krush/Music/RISC_V_PIPELINED/RISC_V_PROCESSOR.srcs/sources_1/new/D_FF_enable_Flush.v" into library xil_defaultlib
INFO: [VRFC 10-311] analyzing module D_FF_enable_Flush
INFO: [VRFC 10-2263] Analyzing Verilog file "C:/Users/krush/Music/RISC_V_PIPELINED/RISC_V_PROCESSOR.srcs/sources_1/new/D_FF_flush.v" into library xil_defaultlib
INFO: [VRFC 10-311] analyzing module D_FF_flush
INFO: [VRFC 10-2263] Analyzing Verilog file "C:/Users/krush/Music/RISC_V_PIPELINED/RISC_V_PROCESSOR.srcs/sources_1/new/Data_mem.v" into library xil_defaultlib
INFO: [VRFC 10-311] analyzing module Data_mem
INFO: [VRFC 10-2263] Analyzing Verilog file "C:/Users/krush/Music/RISC_V_PIPELINED/RISC_V_PROCESSOR.srcs/sources_1/new/Imm_gen.v" into library xil_defaultlib
INFO: [VRFC 10-311] analyzing module Imm_gen
INFO: [VRFC 10-2263] Analyzing Verilog file "C:/Users/krush/Music/RISC_V_PIPELINED/RISC_V_PROCESSOR.srcs/sources_1/new/Instr_mem.v" into library xil_defaultlib
INFO: [VRFC 10-311] analyzing module Instr_mem
INFO: [VRFC 10-2263] Analyzing Verilog file "C:/Users/krush/Music/RISC_V_PIPELINED/RISC_V_PROCESSOR.srcs/sources_1/new/Register_file.v" into library xil_defaultlib
INFO: [VRFC 10-311] analyzing module Register_file
INFO: [VRFC 10-2263] Analyzing Verilog file "C:/Users/krush/Music/RISC_V_PIPELINED/RISC_V_PROCESSOR.srcs/sources_1/new/decode_cycle.v" into library xil_defaultlib
INFO: [VRFC 10-311] analyzing module decode_cycle
INFO: [VRFC 10-2263] Analyzing Verilog file "C:/Users/krush/Music/RISC_V_PIPELINED/RISC_V_PROCESSOR.srcs/sources_1/new/execute_cycle.v" into library xil_defaultlib
INFO: [VRFC 10-311] analyzing module execute_cycle
INFO: [VRFC 10-2263] Analyzing Verilog file "C:/Users/krush/Music/RISC_V_PIPELINED/RISC_V_PROCESSOR.srcs/sources_1/new/fetch_cycle.v" into library xil_defaultlib
INFO: [VRFC 10-311] analyzing module fetch_cycle
INFO: [VRFC 10-2263] Analyzing Verilog file "C:/Users/krush/Music/RISC_V_PIPELINED/RISC_V_PROCESSOR.srcs/sources_1/new/hazard_unit.v" into library xil_defaultlib
INFO: [VRFC 10-311] analyzing module hazard_unit
INFO: [VRFC 10-2263] Analyzing Verilog file "C:/Users/krush/Music/RISC_V_PIPELINED/RISC_V_PROCESSOR.srcs/sources_1/new/load_unit.v" into library xil_defaultlib
INFO: [VRFC 10-311] analyzing module load_unit
INFO: [VRFC 10-2263] Analyzing Verilog file "C:/Users/krush/Music/RISC_V_PIPELINED/RISC_V_PROCESSOR.srcs/sources_1/new/memory_cycle.v" into library xil_defaultlib
INFO: [VRFC 10-311] analyzing module memory_cycle
INFO: [VRFC 10-2263] Analyzing Verilog file "C:/Users/krush/Music/RISC_V_PIPELINED/RISC_V_PROCESSOR.srcs/sources_1/new/store_unit.v" into library xil_defaultlib
INFO: [VRFC 10-311] analyzing module store_unit
INFO: [VRFC 10-2263] Analyzing Verilog file "C:/Users/krush/Music/RISC_V_PIPELINED/RISC_V_PROCESSOR.srcs/sources_1/new/top.v" into library xil_defaultlib
INFO: [VRFC 10-311] analyzing module top
INFO: [VRFC 10-2263] Analyzing Verilog file "C:/Users/krush/Music/RISC_V_PIPELINED/RISC_V_PROCESSOR.srcs/sources_1/new/write_cycle.v" into library xil_defaultlib
INFO: [VRFC 10-311] analyzing module write_cycle
INFO: [VRFC 10-2263] Analyzing Verilog file "C:/Users/krush/Music/RISC_V_PIPELINED/RISC_V_PROCESSOR.srcs/sim_1/new/tb_riscv.v" into library xil_defaultlib
INFO: [VRFC 10-311] analyzing module tb_riscv
INFO: [USF-XSim-69] 'compile' step finished in '3' seconds
INFO: [USF-XSim-3] XSim::Elaborate design
INFO: [USF-XSim-61] Executing 'ELABORATE' step in 'C:/Users/krush/Music/RISC_V_PIPELINED/RISC_V_PROCESSOR.sim/sim_1/behav/xsim'
"xelab --incr --debug typical --relax --mt 2 -L xil_defaultlib -L unisims_ver -L unimacro_ver -L secureip --snapshot tb_riscv_behav xil_defaultlib.tb_riscv xil_defaultlib.glbl -log elaborate.log"
Vivado Simulator v2024.2.0
Copyright 1986-2022 Xilinx, Inc. All Rights Reserved.
Copyright 2022-2024 Advanced Micro Devices, Inc. All Rights Reserved.
Running: C:/Xilinx/Vivado/2024.2/bin/unwrapped/win64.o/xelab.exe --incr --debug typical --relax --mt 2 -L xil_defaultlib -L unisims_ver -L unimacro_ver -L secureip --snapshot tb_riscv_behav xil_defaultlib.tb_riscv xil_defaultlib.glbl -log elaborate.log 
Using 2 slave threads.
Starting static elaboration
Pass Through NonSizing Optimizer
Completed static elaboration
Starting simulation data flow analysis
Completed simulation data flow analysis
Time Resolution for simulation is 1ps
Compiling module xil_defaultlib.D_FF_enable
Compiling module xil_defaultlib.Instr_mem
Compiling module xil_defaultlib.D_FF_enable_Flush
Compiling module xil_defaultlib.fetch_cycle
Compiling module xil_defaultlib.Control_unit
Compiling module xil_defaultlib.Imm_gen
Compiling module xil_defaultlib.Register_file
Compiling module xil_defaultlib.D_FF_flush
Compiling module xil_defaultlib.D_FF_flush(WIDTH=1)
Compiling module xil_defaultlib.D_FF_flush(WIDTH=2)
Compiling module xil_defaultlib.D_FF_flush(WIDTH=4)
Compiling module xil_defaultlib.D_FF_flush(WIDTH=3)
Compiling module xil_defaultlib.D_FF_flush(WIDTH=5)
Compiling module xil_defaultlib.decode_cycle
Compiling module xil_defaultlib.ALU
Compiling module xil_defaultlib.D_FF(WIDTH=1)
Compiling module xil_defaultlib.D_FF(WIDTH=3)
Compiling module xil_defaultlib.D_FF(WIDTH=2)
Compiling module xil_defaultlib.D_FF
Compiling module xil_defaultlib.D_FF(WIDTH=5)
Compiling module xil_defaultlib.execute_cycle
Compiling module xil_defaultlib.store_unit
Compiling module xil_defaultlib.Data_mem
Compiling module xil_defaultlib.memory_cycle
Compiling module xil_defaultlib.load_unit
Compiling module xil_defaultlib.write_cycle
Compiling module xil_defaultlib.hazard_unit
Compiling module xil_defaultlib.top
Compiling module xil_defaultlib.tb_riscv
Compiling module xil_defaultlib.glbl
Built simulation snapshot tb_riscv_behav
INFO: [USF-XSim-69] 'elaborate' step finished in '3' seconds
INFO: [USF-XSim-4] XSim::Simulate design
INFO: [USF-XSim-61] Executing 'SIMULATE' step in 'C:/Users/krush/Music/RISC_V_PIPELINED/RISC_V_PROCESSOR.sim/sim_1/behav/xsim'
INFO: [USF-XSim-98] *** Running xsim
   with args "tb_riscv_behav -key {Behavioral:sim_1:Functional:tb_riscv} -tclbatch {tb_riscv.tcl} -log {simulate.log}"
INFO: [USF-XSim-8] Loading simulator feature
Time resolution is 1 ps
source tb_riscv.tcl
# set curr_wave [current_wave_config]
# if { [string length $curr_wave] == 0 } {
#   if { [llength [get_objects]] > 0} {
#     add_wave /
#     set_property needs_save false [current_wave_config]
#   } else {
#      send_msg_id Add_Wave-1 WARNING "No top level signals found. Simulator will start without a wave window. If you want to open a wave window go to 'File->New Waveform Configuration' or type 'create_wave_config' in the TCL console."
#   }
# }
# run 1000ns
Loading instruction memory from rv32i_test1.hex
Result = 4294967293
1. addi implementation is correct for x0 
2. addi implementation is correct 
3. slli implementation is correct 
4. slti implementation is correct 
5. sltiu implementation is correct 
6. xori implementation is correct 
7. srli implementation is correct 
8. srai implementation is correct 
9. ori implementation is correct 
10. andi implementation is correct
11. add implementation is correct 
12. sub implementation is correct 
13. sll implementation is correct 
14. slt implementation is correct 
15. sltu implementation is correct 
16. xor implementation is correct 
17. srl implementation is correct 
18. sra implementation is correct 
19. or implementation is correct 
20. and implementation is correct 
21. lui implementation is correct 
23. sb implementation is correct
22. auipc implementation is correct 
24. sh implementation is correct
25. sw implementation is correct
26. lb implementation is correct
27. lh implementation is correct
28. lw implementation is correct
29. lbu implementation is correct
30. lhu implementation is correct
31. blt is executing
31. blt is executing
31. blt is executing
31. blt is executing
31. blt is executing
31. blt is executing
31. blt is executing
31. blt is executing
31. blt is executing
31. blt is executing
31. blt implementation is correct 
32. bge is executing
32. bge is executing
INFO: [USF-XSim-96] XSim completed. Design snapshot 'tb_riscv_behav' loaded.
INFO: [USF-XSim-97] XSim simulation ran for 1000ns
launch_simulation: Time (s): cpu = 00:00:05 ; elapsed = 00:00:10 . Memory (MB): peak = 2335.445 ; gain = 0.000
close_sim
INFO: [Simtcl 6-16] Simulation closed
launch_simulation
Command: launch_simulation 
INFO: [Vivado 12-12493] Simulation top is 'tb_riscv'
WARNING: [Vivado 12-13340] Unable to auto find GCC executables from simulator install path! (path not set)
INFO: [Vivado 12-5682] Launching behavioral simulation in 'C:/Users/krush/Music/RISC_V_PIPELINED/RISC_V_PROCESSOR.sim/sim_1/behav/xsim'
INFO: [SIM-utils-51] Simulation object is 'sim_1'
INFO: [SIM-utils-72] Using boost library from 'C:/Xilinx/Vivado/2024.2/tps/boost_1_72_0'
INFO: [SIM-utils-54] Inspecting design source files for 'tb_riscv' in fileset 'sim_1'...
INFO: [USF-XSim-97] Finding global include files...
INFO: [USF-XSim-98] Fetching design files from 'sim_1'...
INFO: [USF-XSim-2] XSim::Compile design
INFO: [USF-XSim-61] Executing 'COMPILE and ANALYZE' step in 'C:/Users/krush/Music/RISC_V_PIPELINED/RISC_V_PROCESSOR.sim/sim_1/behav/xsim'
"xvlog --incr --relax -prj tb_riscv_vlog.prj"
INFO: [VRFC 10-2263] Analyzing Verilog file "C:/Users/krush/Music/RISC_V_PIPELINED/RISC_V_PROCESSOR.srcs/sources_1/new/ALU.v" into library xil_defaultlib
INFO: [VRFC 10-311] analyzing module ALU
INFO: [VRFC 10-2263] Analyzing Verilog file "C:/Users/krush/Music/RISC_V_PIPELINED/RISC_V_PROCESSOR.srcs/sources_1/new/Control_unit.v" into library xil_defaultlib
INFO: [VRFC 10-311] analyzing module Control_unit
INFO: [VRFC 10-2263] Analyzing Verilog file "C:/Users/krush/Music/RISC_V_PIPELINED/RISC_V_PROCESSOR.srcs/sources_1/new/D_FF.v" into library xil_defaultlib
INFO: [VRFC 10-311] analyzing module D_FF
INFO: [VRFC 10-2263] Analyzing Verilog file "C:/Users/krush/Music/RISC_V_PIPELINED/RISC_V_PROCESSOR.srcs/sources_1/new/D_FF_enable.v" into library xil_defaultlib
INFO: [VRFC 10-311] analyzing module D_FF_enable
INFO: [VRFC 10-2263] Analyzing Verilog file "C:/Users/krush/Music/RISC_V_PIPELINED/RISC_V_PROCESSOR.srcs/sources_1/new/D_FF_enable_Flush.v" into library xil_defaultlib
INFO: [VRFC 10-311] analyzing module D_FF_enable_Flush
INFO: [VRFC 10-2263] Analyzing Verilog file "C:/Users/krush/Music/RISC_V_PIPELINED/RISC_V_PROCESSOR.srcs/sources_1/new/D_FF_flush.v" into library xil_defaultlib
INFO: [VRFC 10-311] analyzing module D_FF_flush
INFO: [VRFC 10-2263] Analyzing Verilog file "C:/Users/krush/Music/RISC_V_PIPELINED/RISC_V_PROCESSOR.srcs/sources_1/new/Data_mem.v" into library xil_defaultlib
INFO: [VRFC 10-311] analyzing module Data_mem
INFO: [VRFC 10-2263] Analyzing Verilog file "C:/Users/krush/Music/RISC_V_PIPELINED/RISC_V_PROCESSOR.srcs/sources_1/new/Imm_gen.v" into library xil_defaultlib
INFO: [VRFC 10-311] analyzing module Imm_gen
INFO: [VRFC 10-2263] Analyzing Verilog file "C:/Users/krush/Music/RISC_V_PIPELINED/RISC_V_PROCESSOR.srcs/sources_1/new/Instr_mem.v" into library xil_defaultlib
INFO: [VRFC 10-311] analyzing module Instr_mem
INFO: [VRFC 10-2263] Analyzing Verilog file "C:/Users/krush/Music/RISC_V_PIPELINED/RISC_V_PROCESSOR.srcs/sources_1/new/Register_file.v" into library xil_defaultlib
INFO: [VRFC 10-311] analyzing module Register_file
INFO: [VRFC 10-2263] Analyzing Verilog file "C:/Users/krush/Music/RISC_V_PIPELINED/RISC_V_PROCESSOR.srcs/sources_1/new/decode_cycle.v" into library xil_defaultlib
INFO: [VRFC 10-311] analyzing module decode_cycle
INFO: [VRFC 10-2263] Analyzing Verilog file "C:/Users/krush/Music/RISC_V_PIPELINED/RISC_V_PROCESSOR.srcs/sources_1/new/execute_cycle.v" into library xil_defaultlib
INFO: [VRFC 10-311] analyzing module execute_cycle
INFO: [VRFC 10-2263] Analyzing Verilog file "C:/Users/krush/Music/RISC_V_PIPELINED/RISC_V_PROCESSOR.srcs/sources_1/new/fetch_cycle.v" into library xil_defaultlib
INFO: [VRFC 10-311] analyzing module fetch_cycle
INFO: [VRFC 10-2263] Analyzing Verilog file "C:/Users/krush/Music/RISC_V_PIPELINED/RISC_V_PROCESSOR.srcs/sources_1/new/hazard_unit.v" into library xil_defaultlib
INFO: [VRFC 10-311] analyzing module hazard_unit
INFO: [VRFC 10-2263] Analyzing Verilog file "C:/Users/krush/Music/RISC_V_PIPELINED/RISC_V_PROCESSOR.srcs/sources_1/new/load_unit.v" into library xil_defaultlib
INFO: [VRFC 10-311] analyzing module load_unit
INFO: [VRFC 10-2263] Analyzing Verilog file "C:/Users/krush/Music/RISC_V_PIPELINED/RISC_V_PROCESSOR.srcs/sources_1/new/memory_cycle.v" into library xil_defaultlib
INFO: [VRFC 10-311] analyzing module memory_cycle
INFO: [VRFC 10-2263] Analyzing Verilog file "C:/Users/krush/Music/RISC_V_PIPELINED/RISC_V_PROCESSOR.srcs/sources_1/new/store_unit.v" into library xil_defaultlib
INFO: [VRFC 10-311] analyzing module store_unit
INFO: [VRFC 10-2263] Analyzing Verilog file "C:/Users/krush/Music/RISC_V_PIPELINED/RISC_V_PROCESSOR.srcs/sources_1/new/top.v" into library xil_defaultlib
INFO: [VRFC 10-311] analyzing module top
INFO: [VRFC 10-2263] Analyzing Verilog file "C:/Users/krush/Music/RISC_V_PIPELINED/RISC_V_PROCESSOR.srcs/sources_1/new/write_cycle.v" into library xil_defaultlib
INFO: [VRFC 10-311] analyzing module write_cycle
INFO: [VRFC 10-2263] Analyzing Verilog file "C:/Users/krush/Music/RISC_V_PIPELINED/RISC_V_PROCESSOR.srcs/sim_1/new/tb_riscv.v" into library xil_defaultlib
INFO: [VRFC 10-311] analyzing module tb_riscv
INFO: [USF-XSim-69] 'compile' step finished in '3' seconds
INFO: [USF-XSim-3] XSim::Elaborate design
INFO: [USF-XSim-61] Executing 'ELABORATE' step in 'C:/Users/krush/Music/RISC_V_PIPELINED/RISC_V_PROCESSOR.sim/sim_1/behav/xsim'
"xelab --incr --debug typical --relax --mt 2 -L xil_defaultlib -L unisims_ver -L unimacro_ver -L secureip --snapshot tb_riscv_behav xil_defaultlib.tb_riscv xil_defaultlib.glbl -log elaborate.log"
Vivado Simulator v2024.2.0
Copyright 1986-2022 Xilinx, Inc. All Rights Reserved.
Copyright 2022-2024 Advanced Micro Devices, Inc. All Rights Reserved.
Running: C:/Xilinx/Vivado/2024.2/bin/unwrapped/win64.o/xelab.exe --incr --debug typical --relax --mt 2 -L xil_defaultlib -L unisims_ver -L unimacro_ver -L secureip --snapshot tb_riscv_behav xil_defaultlib.tb_riscv xil_defaultlib.glbl -log elaborate.log 
Using 2 slave threads.
Starting static elaboration
Pass Through NonSizing Optimizer
Completed static elaboration
Starting simulation data flow analysis
Completed simulation data flow analysis
Time Resolution for simulation is 1ps
Compiling module xil_defaultlib.D_FF_enable
Compiling module xil_defaultlib.Instr_mem
Compiling module xil_defaultlib.D_FF_enable_Flush
Compiling module xil_defaultlib.fetch_cycle
Compiling module xil_defaultlib.Control_unit
Compiling module xil_defaultlib.Imm_gen
Compiling module xil_defaultlib.Register_file
Compiling module xil_defaultlib.D_FF_flush
Compiling module xil_defaultlib.D_FF_flush(WIDTH=1)
Compiling module xil_defaultlib.D_FF_flush(WIDTH=2)
Compiling module xil_defaultlib.D_FF_flush(WIDTH=4)
Compiling module xil_defaultlib.D_FF_flush(WIDTH=3)
Compiling module xil_defaultlib.D_FF_flush(WIDTH=5)
Compiling module xil_defaultlib.decode_cycle
Compiling module xil_defaultlib.ALU
Compiling module xil_defaultlib.D_FF(WIDTH=1)
Compiling module xil_defaultlib.D_FF(WIDTH=3)
Compiling module xil_defaultlib.D_FF(WIDTH=2)
Compiling module xil_defaultlib.D_FF
Compiling module xil_defaultlib.D_FF(WIDTH=5)
Compiling module xil_defaultlib.execute_cycle
Compiling module xil_defaultlib.store_unit
Compiling module xil_defaultlib.Data_mem
Compiling module xil_defaultlib.memory_cycle
Compiling module xil_defaultlib.load_unit
Compiling module xil_defaultlib.write_cycle
Compiling module xil_defaultlib.hazard_unit
Compiling module xil_defaultlib.top
Compiling module xil_defaultlib.tb_riscv
Compiling module xil_defaultlib.glbl
Built simulation snapshot tb_riscv_behav
INFO: [USF-XSim-69] 'elaborate' step finished in '4' seconds
INFO: [USF-XSim-4] XSim::Simulate design
INFO: [USF-XSim-61] Executing 'SIMULATE' step in 'C:/Users/krush/Music/RISC_V_PIPELINED/RISC_V_PROCESSOR.sim/sim_1/behav/xsim'
INFO: [USF-XSim-98] *** Running xsim
   with args "tb_riscv_behav -key {Behavioral:sim_1:Functional:tb_riscv} -tclbatch {tb_riscv.tcl} -log {simulate.log}"
INFO: [USF-XSim-8] Loading simulator feature
Time resolution is 1 ps
source tb_riscv.tcl
# set curr_wave [current_wave_config]
# if { [string length $curr_wave] == 0 } {
#   if { [llength [get_objects]] > 0} {
#     add_wave /
#     set_property needs_save false [current_wave_config]
#   } else {
#      send_msg_id Add_Wave-1 WARNING "No top level signals found. Simulator will start without a wave window. If you want to open a wave window go to 'File->New Waveform Configuration' or type 'create_wave_config' in the TCL console."
#   }
# }
# run 1000ns
Loading instruction memory from rv32i_test1.hex
Result = 4294967293
1. addi implementation is correct for x0 
2. addi implementation is correct 
3. slli implementation is correct 
4. slti implementation is correct 
5. sltiu implementation is correct 
6. xori implementation is correct 
7. srli implementation is correct 
8. srai implementation is correct 
9. ori implementation is correct 
10. andi implementation is correct
11. add implementation is correct 
12. sub implementation is correct 
13. sll implementation is correct 
14. slt implementation is correct 
15. sltu implementation is correct 
16. xor implementation is correct 
17. srl implementation is correct 
18. sra implementation is correct 
19. or implementation is correct 
20. and implementation is correct 
21. lui implementation is correct 
23. sb implementation is correct
22. auipc implementation is correct 
24. sh implementation is correct
25. sw implementation is correct
26. lb implementation is correct
27. lh implementation is correct
28. lw implementation is correct
29. lbu implementation is correct
30. lhu implementation is correct
31. blt is executing
31. blt is executing
31. blt is executing
31. blt is executing
31. blt is executing
31. blt is executing
31. blt is executing
31. blt is executing
31. blt is executing
31. blt is executing
31. blt implementation is correct 
32. bge is executing
32. bge is executing
INFO: [USF-XSim-96] XSim completed. Design snapshot 'tb_riscv_behav' loaded.
INFO: [USF-XSim-97] XSim simulation ran for 1000ns
launch_simulation: Time (s): cpu = 00:00:05 ; elapsed = 00:00:10 . Memory (MB): peak = 2335.445 ; gain = 0.000
WARNING: [filemgmt 56-199] Attempt to get parsing info during refresh. "On-the-fly" syntax checking information may be incorrect. [C:\Users\krush\Music\RISC_V_PIPELINED\RISC_V_PROCESSOR.srcs\sim_1\new\tb_riscv.v:]
WARNING: [filemgmt 56-199] Attempt to get parsing info during refresh. "On-the-fly" syntax checking information may be incorrect. [C:\Users\krush\Music\RISC_V_PIPELINED\RISC_V_PROCESSOR.srcs\sources_1\new\Instr_mem.v:]
WARNING: [filemgmt 56-199] Attempt to get parsing info during refresh. "On-the-fly" syntax checking information may be incorrect. [C:\Users\krush\Music\RISC_V_PIPELINED\RISC_V_PROCESSOR.srcs\sources_1\new\Instr_mem.v:]
WARNING: [filemgmt 56-199] Attempt to get parsing info during refresh. "On-the-fly" syntax checking information may be incorrect. [C:\Users\krush\Music\RISC_V_PIPELINED\RISC_V_PROCESSOR.srcs\sources_1\new\Instr_mem.v:]
ERROR: [Common 17-180] Spawn failed: No error
WARNING: [filemgmt 56-199] Attempt to get parsing info during refresh. "On-the-fly" syntax checking information may be incorrect. [C:\Users\krush\Music\RISC_V_PIPELINED\RISC_V_PROCESSOR.srcs\sim_1\new\tb_riscv.v:]
WARNING: [filemgmt 56-199] Attempt to get parsing info during refresh. "On-the-fly" syntax checking information may be incorrect. [C:\Users\krush\Music\RISC_V_PIPELINED\RISC_V_PROCESSOR.srcs\sources_1\new\Instr_mem.v:]
WARNING: [filemgmt 56-199] Attempt to get parsing info during refresh. "On-the-fly" syntax checking information may be incorrect. [C:\Users\krush\Music\RISC_V_PIPELINED\RISC_V_PROCESSOR.srcs\sources_1\new\Instr_mem.v:]
WARNING: [filemgmt 56-199] Attempt to get parsing info during refresh. "On-the-fly" syntax checking information may be incorrect. [C:\Users\krush\Music\RISC_V_PIPELINED\RISC_V_PROCESSOR.srcs\sources_1\new\Instr_mem.v:]
ERROR: [Common 17-180] Spawn failed: No error
close_sim
INFO: [Simtcl 6-16] Simulation closed
WARNING: [filemgmt 56-199] Attempt to get parsing info during refresh. "On-the-fly" syntax checking information may be incorrect. [C:\Users\krush\Music\RISC_V_PIPELINED\RISC_V_PROCESSOR.srcs\sim_1\new\tb_riscv.v:]
WARNING: [filemgmt 56-199] Attempt to get parsing info during refresh. "On-the-fly" syntax checking information may be incorrect. [C:\Users\krush\Music\RISC_V_PIPELINED\RISC_V_PROCESSOR.srcs\sources_1\new\Instr_mem.v:]
WARNING: [filemgmt 56-199] Attempt to get parsing info during refresh. "On-the-fly" syntax checking information may be incorrect. [C:\Users\krush\Music\RISC_V_PIPELINED\RISC_V_PROCESSOR.srcs\sources_1\new\Instr_mem.v:]
WARNING: [filemgmt 56-199] Attempt to get parsing info during refresh. "On-the-fly" syntax checking information may be incorrect. [C:\Users\krush\Music\RISC_V_PIPELINED\RISC_V_PROCESSOR.srcs\sources_1\new\Instr_mem.v:]
ERROR: [Common 17-180] Spawn failed: No error
launch_simulation
Command: launch_simulation 
INFO: [Vivado 12-12493] Simulation top is 'tb_riscv'
WARNING: [Vivado 12-13340] Unable to auto find GCC executables from simulator install path! (path not set)
INFO: [Vivado 12-5682] Launching behavioral simulation in 'C:/Users/krush/Music/RISC_V_PIPELINED/RISC_V_PROCESSOR.sim/sim_1/behav/xsim'
INFO: [SIM-utils-51] Simulation object is 'sim_1'
INFO: [SIM-utils-72] Using boost library from 'C:/Xilinx/Vivado/2024.2/tps/boost_1_72_0'
INFO: [SIM-utils-54] Inspecting design source files for 'tb_riscv' in fileset 'sim_1'...
INFO: [USF-XSim-97] Finding global include files...
INFO: [USF-XSim-98] Fetching design files from 'sim_1'...
INFO: [USF-XSim-2] XSim::Compile design
INFO: [USF-XSim-61] Executing 'COMPILE and ANALYZE' step in 'C:/Users/krush/Music/RISC_V_PIPELINED/RISC_V_PROCESSOR.sim/sim_1/behav/xsim'
"xvlog --incr --relax -prj tb_riscv_vlog.prj"
INFO: [VRFC 10-2263] Analyzing Verilog file "C:/Users/krush/Music/RISC_V_PIPELINED/RISC_V_PROCESSOR.srcs/sources_1/new/ALU.v" into library xil_defaultlib
INFO: [VRFC 10-311] analyzing module ALU
INFO: [VRFC 10-2263] Analyzing Verilog file "C:/Users/krush/Music/RISC_V_PIPELINED/RISC_V_PROCESSOR.srcs/sources_1/new/Control_unit.v" into library xil_defaultlib
INFO: [VRFC 10-311] analyzing module Control_unit
INFO: [VRFC 10-2263] Analyzing Verilog file "C:/Users/krush/Music/RISC_V_PIPELINED/RISC_V_PROCESSOR.srcs/sources_1/new/D_FF.v" into library xil_defaultlib
INFO: [VRFC 10-311] analyzing module D_FF
INFO: [VRFC 10-2263] Analyzing Verilog file "C:/Users/krush/Music/RISC_V_PIPELINED/RISC_V_PROCESSOR.srcs/sources_1/new/D_FF_enable.v" into library xil_defaultlib
INFO: [VRFC 10-311] analyzing module D_FF_enable
INFO: [VRFC 10-2263] Analyzing Verilog file "C:/Users/krush/Music/RISC_V_PIPELINED/RISC_V_PROCESSOR.srcs/sources_1/new/D_FF_enable_Flush.v" into library xil_defaultlib
INFO: [VRFC 10-311] analyzing module D_FF_enable_Flush
INFO: [VRFC 10-2263] Analyzing Verilog file "C:/Users/krush/Music/RISC_V_PIPELINED/RISC_V_PROCESSOR.srcs/sources_1/new/D_FF_flush.v" into library xil_defaultlib
INFO: [VRFC 10-311] analyzing module D_FF_flush
INFO: [VRFC 10-2263] Analyzing Verilog file "C:/Users/krush/Music/RISC_V_PIPELINED/RISC_V_PROCESSOR.srcs/sources_1/new/Data_mem.v" into library xil_defaultlib
INFO: [VRFC 10-311] analyzing module Data_mem
INFO: [VRFC 10-2263] Analyzing Verilog file "C:/Users/krush/Music/RISC_V_PIPELINED/RISC_V_PROCESSOR.srcs/sources_1/new/Imm_gen.v" into library xil_defaultlib
INFO: [VRFC 10-311] analyzing module Imm_gen
INFO: [VRFC 10-2263] Analyzing Verilog file "C:/Users/krush/Music/RISC_V_PIPELINED/RISC_V_PROCESSOR.srcs/sources_1/new/Instr_mem.v" into library xil_defaultlib
INFO: [VRFC 10-311] analyzing module Instr_mem
INFO: [VRFC 10-2263] Analyzing Verilog file "C:/Users/krush/Music/RISC_V_PIPELINED/RISC_V_PROCESSOR.srcs/sources_1/new/Register_file.v" into library xil_defaultlib
INFO: [VRFC 10-311] analyzing module Register_file
INFO: [VRFC 10-2263] Analyzing Verilog file "C:/Users/krush/Music/RISC_V_PIPELINED/RISC_V_PROCESSOR.srcs/sources_1/new/decode_cycle.v" into library xil_defaultlib
INFO: [VRFC 10-311] analyzing module decode_cycle
INFO: [VRFC 10-2263] Analyzing Verilog file "C:/Users/krush/Music/RISC_V_PIPELINED/RISC_V_PROCESSOR.srcs/sources_1/new/execute_cycle.v" into library xil_defaultlib
INFO: [VRFC 10-311] analyzing module execute_cycle
INFO: [VRFC 10-2263] Analyzing Verilog file "C:/Users/krush/Music/RISC_V_PIPELINED/RISC_V_PROCESSOR.srcs/sources_1/new/fetch_cycle.v" into library xil_defaultlib
INFO: [VRFC 10-311] analyzing module fetch_cycle
INFO: [VRFC 10-2263] Analyzing Verilog file "C:/Users/krush/Music/RISC_V_PIPELINED/RISC_V_PROCESSOR.srcs/sources_1/new/hazard_unit.v" into library xil_defaultlib
INFO: [VRFC 10-311] analyzing module hazard_unit
INFO: [VRFC 10-2263] Analyzing Verilog file "C:/Users/krush/Music/RISC_V_PIPELINED/RISC_V_PROCESSOR.srcs/sources_1/new/load_unit.v" into library xil_defaultlib
INFO: [VRFC 10-311] analyzing module load_unit
INFO: [VRFC 10-2263] Analyzing Verilog file "C:/Users/krush/Music/RISC_V_PIPELINED/RISC_V_PROCESSOR.srcs/sources_1/new/memory_cycle.v" into library xil_defaultlib
INFO: [VRFC 10-311] analyzing module memory_cycle
INFO: [VRFC 10-2263] Analyzing Verilog file "C:/Users/krush/Music/RISC_V_PIPELINED/RISC_V_PROCESSOR.srcs/sources_1/new/store_unit.v" into library xil_defaultlib
INFO: [VRFC 10-311] analyzing module store_unit
INFO: [VRFC 10-2263] Analyzing Verilog file "C:/Users/krush/Music/RISC_V_PIPELINED/RISC_V_PROCESSOR.srcs/sources_1/new/top.v" into library xil_defaultlib
INFO: [VRFC 10-311] analyzing module top
INFO: [VRFC 10-2263] Analyzing Verilog file "C:/Users/krush/Music/RISC_V_PIPELINED/RISC_V_PROCESSOR.srcs/sources_1/new/write_cycle.v" into library xil_defaultlib
INFO: [VRFC 10-311] analyzing module write_cycle
INFO: [VRFC 10-2263] Analyzing Verilog file "C:/Users/krush/Music/RISC_V_PIPELINED/RISC_V_PROCESSOR.srcs/sim_1/new/tb_riscv.v" into library xil_defaultlib
INFO: [VRFC 10-311] analyzing module tb_riscv
INFO: [USF-XSim-69] 'compile' step finished in '3' seconds
INFO: [USF-XSim-3] XSim::Elaborate design
INFO: [USF-XSim-61] Executing 'ELABORATE' step in 'C:/Users/krush/Music/RISC_V_PIPELINED/RISC_V_PROCESSOR.sim/sim_1/behav/xsim'
"xelab --incr --debug typical --relax --mt 2 -L xil_defaultlib -L unisims_ver -L unimacro_ver -L secureip --snapshot tb_riscv_behav xil_defaultlib.tb_riscv xil_defaultlib.glbl -log elaborate.log"
Vivado Simulator v2024.2.0
Copyright 1986-2022 Xilinx, Inc. All Rights Reserved.
Copyright 2022-2024 Advanced Micro Devices, Inc. All Rights Reserved.
Running: C:/Xilinx/Vivado/2024.2/bin/unwrapped/win64.o/xelab.exe --incr --debug typical --relax --mt 2 -L xil_defaultlib -L unisims_ver -L unimacro_ver -L secureip --snapshot tb_riscv_behav xil_defaultlib.tb_riscv xil_defaultlib.glbl -log elaborate.log 
Using 2 slave threads.
Starting static elaboration
Pass Through NonSizing Optimizer
Completed static elaboration
Starting simulation data flow analysis
Completed simulation data flow analysis
Time Resolution for simulation is 1ps
Compiling module xil_defaultlib.D_FF_enable
Compiling module xil_defaultlib.Instr_mem
Compiling module xil_defaultlib.D_FF_enable_Flush
Compiling module xil_defaultlib.fetch_cycle
Compiling module xil_defaultlib.Control_unit
Compiling module xil_defaultlib.Imm_gen
Compiling module xil_defaultlib.Register_file
Compiling module xil_defaultlib.D_FF_flush
Compiling module xil_defaultlib.D_FF_flush(WIDTH=1)
Compiling module xil_defaultlib.D_FF_flush(WIDTH=2)
Compiling module xil_defaultlib.D_FF_flush(WIDTH=4)
Compiling module xil_defaultlib.D_FF_flush(WIDTH=3)
Compiling module xil_defaultlib.D_FF_flush(WIDTH=5)
Compiling module xil_defaultlib.decode_cycle
Compiling module xil_defaultlib.ALU
Compiling module xil_defaultlib.D_FF(WIDTH=1)
Compiling module xil_defaultlib.D_FF(WIDTH=3)
Compiling module xil_defaultlib.D_FF(WIDTH=2)
Compiling module xil_defaultlib.D_FF
Compiling module xil_defaultlib.D_FF(WIDTH=5)
Compiling module xil_defaultlib.execute_cycle
Compiling module xil_defaultlib.store_unit
Compiling module xil_defaultlib.Data_mem
Compiling module xil_defaultlib.memory_cycle
Compiling module xil_defaultlib.load_unit
Compiling module xil_defaultlib.write_cycle
Compiling module xil_defaultlib.hazard_unit
Compiling module xil_defaultlib.top
Compiling module xil_defaultlib.tb_riscv
Compiling module xil_defaultlib.glbl
Built simulation snapshot tb_riscv_behav
INFO: [USF-XSim-69] 'elaborate' step finished in '4' seconds
INFO: [USF-XSim-4] XSim::Simulate design
INFO: [USF-XSim-61] Executing 'SIMULATE' step in 'C:/Users/krush/Music/RISC_V_PIPELINED/RISC_V_PROCESSOR.sim/sim_1/behav/xsim'
INFO: [USF-XSim-98] *** Running xsim
   with args "tb_riscv_behav -key {Behavioral:sim_1:Functional:tb_riscv} -tclbatch {tb_riscv.tcl} -log {simulate.log}"
INFO: [USF-XSim-8] Loading simulator feature
Time resolution is 1 ps
source tb_riscv.tcl
# set curr_wave [current_wave_config]
# if { [string length $curr_wave] == 0 } {
#   if { [llength [get_objects]] > 0} {
#     add_wave /
#     set_property needs_save false [current_wave_config]
#   } else {
#      send_msg_id Add_Wave-1 WARNING "No top level signals found. Simulator will start without a wave window. If you want to open a wave window go to 'File->New Waveform Configuration' or type 'create_wave_config' in the TCL console."
#   }
# }
# run 1000ns
Loading instruction memory from rv32i_test.hex
Result = 4294967293
1. addi implementation is correct for x0 
2. addi implementation is correct 
3. slli implementation is correct 
4. slti implementation is correct 
5. sltiu implementation is correct 
6. xori implementation is correct 
7. srli implementation is correct 
8. srai implementation is correct 
9. ori implementation is correct 
10. andi implementation is correct
11. add implementation is correct 
12. sub implementation is correct 
13. sll implementation is correct 
14. slt implementation is correct 
15. sltu implementation is correct 
16. xor implementation is correct 
17. srl implementation is correct 
18. sra implementation is correct 
19. or implementation is correct 
20. and implementation is correct 
21. lui implementation is correct 
23. sb implementation is correct
22. auipc implementation is correct 
24. sh implementation is correct
25. sw implementation is correct
26. lb implementation is correct
27. lh implementation is correct
28. lw implementation is correct
29. lbu implementation is correct
30. lhu implementation is correct
31. blt is executing
31. blt is executing
31. blt is executing
31. blt is executing
31. blt is executing
31. blt is executing
31. blt is executing
31. blt is executing
31. blt is executing
31. blt is executing
31. blt implementation is correct 
32. bge is executing
32. bge is executing
32. bge is executing
32. bge is executing
32. bge is executing
32. bge is executing
32. bge is executing
32. bge is executing
32. bge is executing
32. bge is executing
INFO: [USF-XSim-96] XSim completed. Design snapshot 'tb_riscv_behav' loaded.
INFO: [USF-XSim-97] XSim simulation ran for 1000ns
launch_simulation: Time (s): cpu = 00:00:02 ; elapsed = 00:00:09 . Memory (MB): peak = 2335.445 ; gain = 0.000
close_sim
WARNING: [filemgmt 56-199] Attempt to get parsing info during refresh. "On-the-fly" syntax checking information may be incorrect. [C:\Users\krush\Music\RISC_V_PIPELINED\RISC_V_PROCESSOR.srcs\sim_1\new\tb_riscv.v:]
WARNING: [filemgmt 56-199] Attempt to get parsing info during refresh. "On-the-fly" syntax checking information may be incorrect. [C:\Users\krush\Music\RISC_V_PIPELINED\RISC_V_PROCESSOR.srcs\sources_1\new\Instr_mem.v:]
WARNING: [filemgmt 56-199] Attempt to get parsing info during refresh. "On-the-fly" syntax checking information may be incorrect. [C:\Users\krush\Music\RISC_V_PIPELINED\RISC_V_PROCESSOR.srcs\sources_1\new\Instr_mem.v:]
WARNING: [filemgmt 56-199] Attempt to get parsing info during refresh. "On-the-fly" syntax checking information may be incorrect. [C:\Users\krush\Music\RISC_V_PIPELINED\RISC_V_PROCESSOR.srcs\sources_1\new\Instr_mem.v:]
INFO: [Simtcl 6-16] Simulation closed
ERROR: [Common 17-180] Spawn failed: No error
launch_simulation
Command: launch_simulation 
INFO: [Vivado 12-12493] Simulation top is 'tb_riscv'
WARNING: [Vivado 12-13340] Unable to auto find GCC executables from simulator install path! (path not set)
INFO: [Vivado 12-5682] Launching behavioral simulation in 'C:/Users/krush/Music/RISC_V_PIPELINED/RISC_V_PROCESSOR.sim/sim_1/behav/xsim'
INFO: [SIM-utils-51] Simulation object is 'sim_1'
INFO: [SIM-utils-72] Using boost library from 'C:/Xilinx/Vivado/2024.2/tps/boost_1_72_0'
INFO: [SIM-utils-54] Inspecting design source files for 'tb_riscv' in fileset 'sim_1'...
INFO: [USF-XSim-97] Finding global include files...
INFO: [USF-XSim-98] Fetching design files from 'sim_1'...
INFO: [USF-XSim-2] XSim::Compile design
INFO: [USF-XSim-61] Executing 'COMPILE and ANALYZE' step in 'C:/Users/krush/Music/RISC_V_PIPELINED/RISC_V_PROCESSOR.sim/sim_1/behav/xsim'
"xvlog --incr --relax -prj tb_riscv_vlog.prj"
INFO: [VRFC 10-2263] Analyzing Verilog file "C:/Users/krush/Music/RISC_V_PIPELINED/RISC_V_PROCESSOR.srcs/sources_1/new/ALU.v" into library xil_defaultlib
INFO: [VRFC 10-311] analyzing module ALU
INFO: [VRFC 10-2263] Analyzing Verilog file "C:/Users/krush/Music/RISC_V_PIPELINED/RISC_V_PROCESSOR.srcs/sources_1/new/Control_unit.v" into library xil_defaultlib
INFO: [VRFC 10-311] analyzing module Control_unit
INFO: [VRFC 10-2263] Analyzing Verilog file "C:/Users/krush/Music/RISC_V_PIPELINED/RISC_V_PROCESSOR.srcs/sources_1/new/D_FF.v" into library xil_defaultlib
INFO: [VRFC 10-311] analyzing module D_FF
INFO: [VRFC 10-2263] Analyzing Verilog file "C:/Users/krush/Music/RISC_V_PIPELINED/RISC_V_PROCESSOR.srcs/sources_1/new/D_FF_enable.v" into library xil_defaultlib
INFO: [VRFC 10-311] analyzing module D_FF_enable
INFO: [VRFC 10-2263] Analyzing Verilog file "C:/Users/krush/Music/RISC_V_PIPELINED/RISC_V_PROCESSOR.srcs/sources_1/new/D_FF_enable_Flush.v" into library xil_defaultlib
INFO: [VRFC 10-311] analyzing module D_FF_enable_Flush
INFO: [VRFC 10-2263] Analyzing Verilog file "C:/Users/krush/Music/RISC_V_PIPELINED/RISC_V_PROCESSOR.srcs/sources_1/new/D_FF_flush.v" into library xil_defaultlib
INFO: [VRFC 10-311] analyzing module D_FF_flush
INFO: [VRFC 10-2263] Analyzing Verilog file "C:/Users/krush/Music/RISC_V_PIPELINED/RISC_V_PROCESSOR.srcs/sources_1/new/Data_mem.v" into library xil_defaultlib
INFO: [VRFC 10-311] analyzing module Data_mem
INFO: [VRFC 10-2263] Analyzing Verilog file "C:/Users/krush/Music/RISC_V_PIPELINED/RISC_V_PROCESSOR.srcs/sources_1/new/Imm_gen.v" into library xil_defaultlib
INFO: [VRFC 10-311] analyzing module Imm_gen
INFO: [VRFC 10-2263] Analyzing Verilog file "C:/Users/krush/Music/RISC_V_PIPELINED/RISC_V_PROCESSOR.srcs/sources_1/new/Instr_mem.v" into library xil_defaultlib
INFO: [VRFC 10-311] analyzing module Instr_mem
INFO: [VRFC 10-2263] Analyzing Verilog file "C:/Users/krush/Music/RISC_V_PIPELINED/RISC_V_PROCESSOR.srcs/sources_1/new/Register_file.v" into library xil_defaultlib
INFO: [VRFC 10-311] analyzing module Register_file
INFO: [VRFC 10-2263] Analyzing Verilog file "C:/Users/krush/Music/RISC_V_PIPELINED/RISC_V_PROCESSOR.srcs/sources_1/new/decode_cycle.v" into library xil_defaultlib
INFO: [VRFC 10-311] analyzing module decode_cycle
INFO: [VRFC 10-2263] Analyzing Verilog file "C:/Users/krush/Music/RISC_V_PIPELINED/RISC_V_PROCESSOR.srcs/sources_1/new/execute_cycle.v" into library xil_defaultlib
INFO: [VRFC 10-311] analyzing module execute_cycle
INFO: [VRFC 10-2263] Analyzing Verilog file "C:/Users/krush/Music/RISC_V_PIPELINED/RISC_V_PROCESSOR.srcs/sources_1/new/fetch_cycle.v" into library xil_defaultlib
INFO: [VRFC 10-311] analyzing module fetch_cycle
INFO: [VRFC 10-2263] Analyzing Verilog file "C:/Users/krush/Music/RISC_V_PIPELINED/RISC_V_PROCESSOR.srcs/sources_1/new/hazard_unit.v" into library xil_defaultlib
INFO: [VRFC 10-311] analyzing module hazard_unit
INFO: [VRFC 10-2263] Analyzing Verilog file "C:/Users/krush/Music/RISC_V_PIPELINED/RISC_V_PROCESSOR.srcs/sources_1/new/load_unit.v" into library xil_defaultlib
INFO: [VRFC 10-311] analyzing module load_unit
INFO: [VRFC 10-2263] Analyzing Verilog file "C:/Users/krush/Music/RISC_V_PIPELINED/RISC_V_PROCESSOR.srcs/sources_1/new/memory_cycle.v" into library xil_defaultlib
INFO: [VRFC 10-311] analyzing module memory_cycle
INFO: [VRFC 10-2263] Analyzing Verilog file "C:/Users/krush/Music/RISC_V_PIPELINED/RISC_V_PROCESSOR.srcs/sources_1/new/store_unit.v" into library xil_defaultlib
INFO: [VRFC 10-311] analyzing module store_unit
INFO: [VRFC 10-2263] Analyzing Verilog file "C:/Users/krush/Music/RISC_V_PIPELINED/RISC_V_PROCESSOR.srcs/sources_1/new/top.v" into library xil_defaultlib
INFO: [VRFC 10-311] analyzing module top
INFO: [VRFC 10-2263] Analyzing Verilog file "C:/Users/krush/Music/RISC_V_PIPELINED/RISC_V_PROCESSOR.srcs/sources_1/new/write_cycle.v" into library xil_defaultlib
INFO: [VRFC 10-311] analyzing module write_cycle
INFO: [VRFC 10-2263] Analyzing Verilog file "C:/Users/krush/Music/RISC_V_PIPELINED/RISC_V_PROCESSOR.srcs/sim_1/new/tb_riscv.v" into library xil_defaultlib
INFO: [VRFC 10-311] analyzing module tb_riscv
INFO: [USF-XSim-69] 'compile' step finished in '3' seconds
INFO: [USF-XSim-3] XSim::Elaborate design
INFO: [USF-XSim-61] Executing 'ELABORATE' step in 'C:/Users/krush/Music/RISC_V_PIPELINED/RISC_V_PROCESSOR.sim/sim_1/behav/xsim'
"xelab --incr --debug typical --relax --mt 2 -L xil_defaultlib -L unisims_ver -L unimacro_ver -L secureip --snapshot tb_riscv_behav xil_defaultlib.tb_riscv xil_defaultlib.glbl -log elaborate.log"
Vivado Simulator v2024.2.0
Copyright 1986-2022 Xilinx, Inc. All Rights Reserved.
Copyright 2022-2024 Advanced Micro Devices, Inc. All Rights Reserved.
Running: C:/Xilinx/Vivado/2024.2/bin/unwrapped/win64.o/xelab.exe --incr --debug typical --relax --mt 2 -L xil_defaultlib -L unisims_ver -L unimacro_ver -L secureip --snapshot tb_riscv_behav xil_defaultlib.tb_riscv xil_defaultlib.glbl -log elaborate.log 
Using 2 slave threads.
Starting static elaboration
Pass Through NonSizing Optimizer
Completed static elaboration
Starting simulation data flow analysis
Completed simulation data flow analysis
Time Resolution for simulation is 1ps
Compiling module xil_defaultlib.D_FF_enable
Compiling module xil_defaultlib.Instr_mem
Compiling module xil_defaultlib.D_FF_enable_Flush
Compiling module xil_defaultlib.fetch_cycle
Compiling module xil_defaultlib.Control_unit
Compiling module xil_defaultlib.Imm_gen
Compiling module xil_defaultlib.Register_file
Compiling module xil_defaultlib.D_FF_flush
Compiling module xil_defaultlib.D_FF_flush(WIDTH=1)
Compiling module xil_defaultlib.D_FF_flush(WIDTH=2)
Compiling module xil_defaultlib.D_FF_flush(WIDTH=4)
Compiling module xil_defaultlib.D_FF_flush(WIDTH=3)
Compiling module xil_defaultlib.D_FF_flush(WIDTH=5)
Compiling module xil_defaultlib.decode_cycle
Compiling module xil_defaultlib.ALU
Compiling module xil_defaultlib.D_FF(WIDTH=1)
Compiling module xil_defaultlib.D_FF(WIDTH=3)
Compiling module xil_defaultlib.D_FF(WIDTH=2)
Compiling module xil_defaultlib.D_FF
Compiling module xil_defaultlib.D_FF(WIDTH=5)
Compiling module xil_defaultlib.execute_cycle
Compiling module xil_defaultlib.store_unit
Compiling module xil_defaultlib.Data_mem
Compiling module xil_defaultlib.memory_cycle
Compiling module xil_defaultlib.load_unit
Compiling module xil_defaultlib.write_cycle
Compiling module xil_defaultlib.hazard_unit
Compiling module xil_defaultlib.top
Compiling module xil_defaultlib.tb_riscv
Compiling module xil_defaultlib.glbl
Built simulation snapshot tb_riscv_behav
INFO: [USF-XSim-69] 'elaborate' step finished in '3' seconds
INFO: [USF-XSim-4] XSim::Simulate design
INFO: [USF-XSim-61] Executing 'SIMULATE' step in 'C:/Users/krush/Music/RISC_V_PIPELINED/RISC_V_PROCESSOR.sim/sim_1/behav/xsim'
INFO: [USF-XSim-98] *** Running xsim
   with args "tb_riscv_behav -key {Behavioral:sim_1:Functional:tb_riscv} -tclbatch {tb_riscv.tcl} -log {simulate.log}"
INFO: [USF-XSim-8] Loading simulator feature
Time resolution is 1 ps
source tb_riscv.tcl
# set curr_wave [current_wave_config]
# if { [string length $curr_wave] == 0 } {
#   if { [llength [get_objects]] > 0} {
#     add_wave /
#     set_property needs_save false [current_wave_config]
#   } else {
#      send_msg_id Add_Wave-1 WARNING "No top level signals found. Simulator will start without a wave window. If you want to open a wave window go to 'File->New Waveform Configuration' or type 'create_wave_config' in the TCL console."
#   }
# }
# run 1000ns
Loading instruction memory from rv32i_test.hex
Result = 4294967293
1. addi implementation is correct for x0 
2. addi implementation is correct 
3. slli implementation is correct 
4. slti implementation is correct 
5. sltiu implementation is correct 
6. xori implementation is correct 
7. srli implementation is correct 
8. srai implementation is correct 
9. ori implementation is correct 
10. andi implementation is correct
11. add implementation is correct 
12. sub implementation is correct 
13. sll implementation is correct 
14. slt implementation is correct 
15. sltu implementation is correct 
16. xor implementation is correct 
17. srl implementation is correct 
18. sra implementation is correct 
19. or implementation is correct 
20. and implementation is correct 
21. lui implementation is correct 
23. sb implementation is correct
22. auipc implementation is correct 
24. sh implementation is correct
25. sw implementation is correct
26. lb implementation is correct
27. lh implementation is correct
28. lw implementation is correct
29. lbu implementation is correct
30. lhu implementation is correct
31. blt is executing
31. blt is executing
31. blt is executing
31. blt is executing
31. blt is executing
31. blt is executing
31. blt is executing
31. blt is executing
31. blt is executing
31. blt is executing
31. blt implementation is correct 
32. bge is executing
32. bge is executing
32. bge is executing
32. bge is executing
32. bge is executing
32. bge is executing
32. bge is executing
32. bge is executing
32. bge is executing
32. bge is executing
32. bge is executing
32. bge implementation is correct
33. bltu is executing
33. bltu is executing
33. bltu is executing
33. bltu is executing
33. bltu implementation is correct 
34. bgeu is executing
34. bgeu is executing
34. bgeu is executing
34. bgeu is executing
34. bgeu is executing
34. bgeu implementation is correct 
35. bne is executing
35. bne is executing
35. bne is executing
35. bne is executing
35. bne is executing
35. bne implementation is correct 
36. beq is executing
36. beq is executing
36. beq implementation is incorrect
37. jalr implementation is incorrect
37. jalr implementation is correct 
INFO: [USF-XSim-96] XSim completed. Design snapshot 'tb_riscv_behav' loaded.
INFO: [USF-XSim-97] XSim simulation ran for 1000ns
launch_simulation: Time (s): cpu = 00:00:02 ; elapsed = 00:00:09 . Memory (MB): peak = 2335.445 ; gain = 0.000
close_sim
INFO: [Simtcl 6-16] Simulation closed
WARNING: [filemgmt 56-199] Attempt to get parsing info during refresh. "On-the-fly" syntax checking information may be incorrect. [C:\Users\krush\Music\RISC_V_PIPELINED\RISC_V_PROCESSOR.srcs\sim_1\new\tb_riscv.v:]
WARNING: [filemgmt 56-199] Attempt to get parsing info during refresh. "On-the-fly" syntax checking information may be incorrect. [C:\Users\krush\Music\RISC_V_PIPELINED\RISC_V_PROCESSOR.srcs\sources_1\new\Instr_mem.v:]
WARNING: [filemgmt 56-199] Attempt to get parsing info during refresh. "On-the-fly" syntax checking information may be incorrect. [C:\Users\krush\Music\RISC_V_PIPELINED\RISC_V_PROCESSOR.srcs\sources_1\new\Instr_mem.v:]
WARNING: [filemgmt 56-199] Attempt to get parsing info during refresh. "On-the-fly" syntax checking information may be incorrect. [C:\Users\krush\Music\RISC_V_PIPELINED\RISC_V_PROCESSOR.srcs\sources_1\new\Instr_mem.v:]
ERROR: [Common 17-180] Spawn failed: No error
WARNING: [filemgmt 56-199] Attempt to get parsing info during refresh. "On-the-fly" syntax checking information may be incorrect. [C:\Users\krush\Music\RISC_V_PIPELINED\RISC_V_PROCESSOR.srcs\sim_1\new\tb_riscv.v:]
WARNING: [filemgmt 56-199] Attempt to get parsing info during refresh. "On-the-fly" syntax checking information may be incorrect. [C:\Users\krush\Music\RISC_V_PIPELINED\RISC_V_PROCESSOR.srcs\sources_1\new\Instr_mem.v:]
WARNING: [filemgmt 56-199] Attempt to get parsing info during refresh. "On-the-fly" syntax checking information may be incorrect. [C:\Users\krush\Music\RISC_V_PIPELINED\RISC_V_PROCESSOR.srcs\sources_1\new\Instr_mem.v:]
WARNING: [filemgmt 56-199] Attempt to get parsing info during refresh. "On-the-fly" syntax checking information may be incorrect. [C:\Users\krush\Music\RISC_V_PIPELINED\RISC_V_PROCESSOR.srcs\sources_1\new\Instr_mem.v:]
ERROR: [Common 17-180] Spawn failed: No error
launch_simulation
Command: launch_simulation 
INFO: [Vivado 12-12493] Simulation top is 'tb_riscv'
WARNING: [Vivado 12-13340] Unable to auto find GCC executables from simulator install path! (path not set)
INFO: [Vivado 12-5682] Launching behavioral simulation in 'C:/Users/krush/Music/RISC_V_PIPELINED/RISC_V_PROCESSOR.sim/sim_1/behav/xsim'
INFO: [SIM-utils-51] Simulation object is 'sim_1'
INFO: [SIM-utils-72] Using boost library from 'C:/Xilinx/Vivado/2024.2/tps/boost_1_72_0'
INFO: [SIM-utils-54] Inspecting design source files for 'tb_riscv' in fileset 'sim_1'...
INFO: [USF-XSim-97] Finding global include files...
INFO: [USF-XSim-98] Fetching design files from 'sim_1'...
INFO: [USF-XSim-2] XSim::Compile design
INFO: [USF-XSim-61] Executing 'COMPILE and ANALYZE' step in 'C:/Users/krush/Music/RISC_V_PIPELINED/RISC_V_PROCESSOR.sim/sim_1/behav/xsim'
"xvlog --incr --relax -prj tb_riscv_vlog.prj"
INFO: [VRFC 10-2263] Analyzing Verilog file "C:/Users/krush/Music/RISC_V_PIPELINED/RISC_V_PROCESSOR.srcs/sources_1/new/ALU.v" into library xil_defaultlib
INFO: [VRFC 10-311] analyzing module ALU
INFO: [VRFC 10-2263] Analyzing Verilog file "C:/Users/krush/Music/RISC_V_PIPELINED/RISC_V_PROCESSOR.srcs/sources_1/new/Control_unit.v" into library xil_defaultlib
INFO: [VRFC 10-311] analyzing module Control_unit
INFO: [VRFC 10-2263] Analyzing Verilog file "C:/Users/krush/Music/RISC_V_PIPELINED/RISC_V_PROCESSOR.srcs/sources_1/new/D_FF.v" into library xil_defaultlib
INFO: [VRFC 10-311] analyzing module D_FF
INFO: [VRFC 10-2263] Analyzing Verilog file "C:/Users/krush/Music/RISC_V_PIPELINED/RISC_V_PROCESSOR.srcs/sources_1/new/D_FF_enable.v" into library xil_defaultlib
INFO: [VRFC 10-311] analyzing module D_FF_enable
INFO: [VRFC 10-2263] Analyzing Verilog file "C:/Users/krush/Music/RISC_V_PIPELINED/RISC_V_PROCESSOR.srcs/sources_1/new/D_FF_enable_Flush.v" into library xil_defaultlib
INFO: [VRFC 10-311] analyzing module D_FF_enable_Flush
INFO: [VRFC 10-2263] Analyzing Verilog file "C:/Users/krush/Music/RISC_V_PIPELINED/RISC_V_PROCESSOR.srcs/sources_1/new/D_FF_flush.v" into library xil_defaultlib
INFO: [VRFC 10-311] analyzing module D_FF_flush
INFO: [VRFC 10-2263] Analyzing Verilog file "C:/Users/krush/Music/RISC_V_PIPELINED/RISC_V_PROCESSOR.srcs/sources_1/new/Data_mem.v" into library xil_defaultlib
INFO: [VRFC 10-311] analyzing module Data_mem
INFO: [VRFC 10-2263] Analyzing Verilog file "C:/Users/krush/Music/RISC_V_PIPELINED/RISC_V_PROCESSOR.srcs/sources_1/new/Imm_gen.v" into library xil_defaultlib
INFO: [VRFC 10-311] analyzing module Imm_gen
INFO: [VRFC 10-2263] Analyzing Verilog file "C:/Users/krush/Music/RISC_V_PIPELINED/RISC_V_PROCESSOR.srcs/sources_1/new/Instr_mem.v" into library xil_defaultlib
INFO: [VRFC 10-311] analyzing module Instr_mem
INFO: [VRFC 10-2263] Analyzing Verilog file "C:/Users/krush/Music/RISC_V_PIPELINED/RISC_V_PROCESSOR.srcs/sources_1/new/Register_file.v" into library xil_defaultlib
INFO: [VRFC 10-311] analyzing module Register_file
INFO: [VRFC 10-2263] Analyzing Verilog file "C:/Users/krush/Music/RISC_V_PIPELINED/RISC_V_PROCESSOR.srcs/sources_1/new/decode_cycle.v" into library xil_defaultlib
INFO: [VRFC 10-311] analyzing module decode_cycle
INFO: [VRFC 10-2263] Analyzing Verilog file "C:/Users/krush/Music/RISC_V_PIPELINED/RISC_V_PROCESSOR.srcs/sources_1/new/execute_cycle.v" into library xil_defaultlib
INFO: [VRFC 10-311] analyzing module execute_cycle
INFO: [VRFC 10-2263] Analyzing Verilog file "C:/Users/krush/Music/RISC_V_PIPELINED/RISC_V_PROCESSOR.srcs/sources_1/new/fetch_cycle.v" into library xil_defaultlib
INFO: [VRFC 10-311] analyzing module fetch_cycle
INFO: [VRFC 10-2263] Analyzing Verilog file "C:/Users/krush/Music/RISC_V_PIPELINED/RISC_V_PROCESSOR.srcs/sources_1/new/hazard_unit.v" into library xil_defaultlib
INFO: [VRFC 10-311] analyzing module hazard_unit
INFO: [VRFC 10-2263] Analyzing Verilog file "C:/Users/krush/Music/RISC_V_PIPELINED/RISC_V_PROCESSOR.srcs/sources_1/new/load_unit.v" into library xil_defaultlib
INFO: [VRFC 10-311] analyzing module load_unit
INFO: [VRFC 10-2263] Analyzing Verilog file "C:/Users/krush/Music/RISC_V_PIPELINED/RISC_V_PROCESSOR.srcs/sources_1/new/memory_cycle.v" into library xil_defaultlib
INFO: [VRFC 10-311] analyzing module memory_cycle
INFO: [VRFC 10-2263] Analyzing Verilog file "C:/Users/krush/Music/RISC_V_PIPELINED/RISC_V_PROCESSOR.srcs/sources_1/new/store_unit.v" into library xil_defaultlib
INFO: [VRFC 10-311] analyzing module store_unit
INFO: [VRFC 10-2263] Analyzing Verilog file "C:/Users/krush/Music/RISC_V_PIPELINED/RISC_V_PROCESSOR.srcs/sources_1/new/top.v" into library xil_defaultlib
INFO: [VRFC 10-311] analyzing module top
INFO: [VRFC 10-2263] Analyzing Verilog file "C:/Users/krush/Music/RISC_V_PIPELINED/RISC_V_PROCESSOR.srcs/sources_1/new/write_cycle.v" into library xil_defaultlib
INFO: [VRFC 10-311] analyzing module write_cycle
INFO: [VRFC 10-2263] Analyzing Verilog file "C:/Users/krush/Music/RISC_V_PIPELINED/RISC_V_PROCESSOR.srcs/sim_1/new/tb_riscv.v" into library xil_defaultlib
INFO: [VRFC 10-311] analyzing module tb_riscv
INFO: [USF-XSim-69] 'compile' step finished in '3' seconds
INFO: [USF-XSim-3] XSim::Elaborate design
INFO: [USF-XSim-61] Executing 'ELABORATE' step in 'C:/Users/krush/Music/RISC_V_PIPELINED/RISC_V_PROCESSOR.sim/sim_1/behav/xsim'
"xelab --incr --debug typical --relax --mt 2 -L xil_defaultlib -L unisims_ver -L unimacro_ver -L secureip --snapshot tb_riscv_behav xil_defaultlib.tb_riscv xil_defaultlib.glbl -log elaborate.log"
Vivado Simulator v2024.2.0
Copyright 1986-2022 Xilinx, Inc. All Rights Reserved.
Copyright 2022-2024 Advanced Micro Devices, Inc. All Rights Reserved.
Running: C:/Xilinx/Vivado/2024.2/bin/unwrapped/win64.o/xelab.exe --incr --debug typical --relax --mt 2 -L xil_defaultlib -L unisims_ver -L unimacro_ver -L secureip --snapshot tb_riscv_behav xil_defaultlib.tb_riscv xil_defaultlib.glbl -log elaborate.log 
Using 2 slave threads.
Starting static elaboration
Pass Through NonSizing Optimizer
Completed static elaboration
Starting simulation data flow analysis
Completed simulation data flow analysis
Time Resolution for simulation is 1ps
Compiling module xil_defaultlib.D_FF_enable
Compiling module xil_defaultlib.Instr_mem
Compiling module xil_defaultlib.D_FF_enable_Flush
Compiling module xil_defaultlib.fetch_cycle
Compiling module xil_defaultlib.Control_unit
Compiling module xil_defaultlib.Imm_gen
Compiling module xil_defaultlib.Register_file
Compiling module xil_defaultlib.D_FF_flush
Compiling module xil_defaultlib.D_FF_flush(WIDTH=1)
Compiling module xil_defaultlib.D_FF_flush(WIDTH=2)
Compiling module xil_defaultlib.D_FF_flush(WIDTH=4)
Compiling module xil_defaultlib.D_FF_flush(WIDTH=3)
Compiling module xil_defaultlib.D_FF_flush(WIDTH=5)
Compiling module xil_defaultlib.decode_cycle
Compiling module xil_defaultlib.ALU
Compiling module xil_defaultlib.D_FF(WIDTH=1)
Compiling module xil_defaultlib.D_FF(WIDTH=3)
Compiling module xil_defaultlib.D_FF(WIDTH=2)
Compiling module xil_defaultlib.D_FF
Compiling module xil_defaultlib.D_FF(WIDTH=5)
Compiling module xil_defaultlib.execute_cycle
Compiling module xil_defaultlib.store_unit
Compiling module xil_defaultlib.Data_mem
Compiling module xil_defaultlib.memory_cycle
Compiling module xil_defaultlib.load_unit
Compiling module xil_defaultlib.write_cycle
Compiling module xil_defaultlib.hazard_unit
Compiling module xil_defaultlib.top
Compiling module xil_defaultlib.tb_riscv
Compiling module xil_defaultlib.glbl
Built simulation snapshot tb_riscv_behav
INFO: [USF-XSim-69] 'elaborate' step finished in '3' seconds
INFO: [USF-XSim-4] XSim::Simulate design
INFO: [USF-XSim-61] Executing 'SIMULATE' step in 'C:/Users/krush/Music/RISC_V_PIPELINED/RISC_V_PROCESSOR.sim/sim_1/behav/xsim'
INFO: [USF-XSim-98] *** Running xsim
   with args "tb_riscv_behav -key {Behavioral:sim_1:Functional:tb_riscv} -tclbatch {tb_riscv.tcl} -log {simulate.log}"
INFO: [USF-XSim-8] Loading simulator feature
Time resolution is 1 ps
source tb_riscv.tcl
# set curr_wave [current_wave_config]
# if { [string length $curr_wave] == 0 } {
#   if { [llength [get_objects]] > 0} {
#     add_wave /
#     set_property needs_save false [current_wave_config]
#   } else {
#      send_msg_id Add_Wave-1 WARNING "No top level signals found. Simulator will start without a wave window. If you want to open a wave window go to 'File->New Waveform Configuration' or type 'create_wave_config' in the TCL console."
#   }
# }
# run 1000ns
Loading instruction memory from rv32i_test.hex
Result = 4294967293
1. addi implementation is correct for x0 
2. addi implementation is correct 
3. slli implementation is correct 
4. slti implementation is correct 
5. sltiu implementation is correct 
6. xori implementation is correct 
7. srli implementation is correct 
8. srai implementation is correct 
9. ori implementation is correct 
10. andi implementation is correct
11. add implementation is correct 
12. sub implementation is correct 
13. sll implementation is correct 
14. slt implementation is correct 
15. sltu implementation is correct 
16. xor implementation is correct 
17. srl implementation is correct 
18. sra implementation is correct 
19. or implementation is correct 
20. and implementation is correct 
21. lui implementation is correct 
23. sb implementation is correct
22. auipc implementation is correct 
24. sh implementation is correct
25. sw implementation is correct
26. lb implementation is correct
27. lh implementation is correct
28. lw implementation is correct
29. lbu implementation is correct
30. lhu implementation is correct
31. blt is executing
31. blt is executing
31. blt is executing
31. blt is executing
31. blt is executing
31. blt is executing
31. blt is executing
31. blt is executing
31. blt is executing
31. blt is executing
31. blt implementation is correct 
32. bge is executing
32. bge is executing
32. bge is executing
32. bge is executing
32. bge is executing
32. bge is executing
32. bge is executing
32. bge is executing
32. bge is executing
32. bge is executing
32. bge is executing
32. bge implementation is correct
33. bltu is executing
33. bltu is executing
33. bltu is executing
33. bltu is executing
33. bltu implementation is correct 
34. bgeu is executing
34. bgeu is executing
34. bgeu is executing
34. bgeu is executing
34. bgeu is executing
34. bgeu implementation is correct 
35. bne is executing
35. bne is executing
35. bne is executing
35. bne is executing
35. bne is executing
35. bne implementation is correct 
36. beq is executing
36. beq is executing
36. beq implementation is incorrect
37. jalr implementation is incorrect
37. jalr implementation is correct 
INFO: [USF-XSim-96] XSim completed. Design snapshot 'tb_riscv_behav' loaded.
INFO: [USF-XSim-97] XSim simulation ran for 1000ns
launch_simulation: Time (s): cpu = 00:00:03 ; elapsed = 00:00:09 . Memory (MB): peak = 2335.445 ; gain = 0.000
close_sim
INFO: [Simtcl 6-16] Simulation closed
launch_simulation
Command: launch_simulation 
INFO: [Vivado 12-12493] Simulation top is 'tb_riscv'
WARNING: [Vivado 12-13340] Unable to auto find GCC executables from simulator install path! (path not set)
INFO: [Vivado 12-5682] Launching behavioral simulation in 'C:/Users/krush/Music/RISC_V_PIPELINED/RISC_V_PROCESSOR.sim/sim_1/behav/xsim'
INFO: [SIM-utils-51] Simulation object is 'sim_1'
INFO: [SIM-utils-72] Using boost library from 'C:/Xilinx/Vivado/2024.2/tps/boost_1_72_0'
INFO: [SIM-utils-54] Inspecting design source files for 'tb_riscv' in fileset 'sim_1'...
INFO: [USF-XSim-97] Finding global include files...
INFO: [USF-XSim-98] Fetching design files from 'sim_1'...
INFO: [USF-XSim-2] XSim::Compile design
INFO: [USF-XSim-61] Executing 'COMPILE and ANALYZE' step in 'C:/Users/krush/Music/RISC_V_PIPELINED/RISC_V_PROCESSOR.sim/sim_1/behav/xsim'
"xvlog --incr --relax -prj tb_riscv_vlog.prj"
INFO: [VRFC 10-2263] Analyzing Verilog file "C:/Users/krush/Music/RISC_V_PIPELINED/RISC_V_PROCESSOR.srcs/sources_1/new/ALU.v" into library xil_defaultlib
INFO: [VRFC 10-311] analyzing module ALU
INFO: [VRFC 10-2263] Analyzing Verilog file "C:/Users/krush/Music/RISC_V_PIPELINED/RISC_V_PROCESSOR.srcs/sources_1/new/Control_unit.v" into library xil_defaultlib
INFO: [VRFC 10-311] analyzing module Control_unit
INFO: [VRFC 10-2263] Analyzing Verilog file "C:/Users/krush/Music/RISC_V_PIPELINED/RISC_V_PROCESSOR.srcs/sources_1/new/D_FF.v" into library xil_defaultlib
INFO: [VRFC 10-311] analyzing module D_FF
INFO: [VRFC 10-2263] Analyzing Verilog file "C:/Users/krush/Music/RISC_V_PIPELINED/RISC_V_PROCESSOR.srcs/sources_1/new/D_FF_enable.v" into library xil_defaultlib
INFO: [VRFC 10-311] analyzing module D_FF_enable
INFO: [VRFC 10-2263] Analyzing Verilog file "C:/Users/krush/Music/RISC_V_PIPELINED/RISC_V_PROCESSOR.srcs/sources_1/new/D_FF_enable_Flush.v" into library xil_defaultlib
INFO: [VRFC 10-311] analyzing module D_FF_enable_Flush
INFO: [VRFC 10-2263] Analyzing Verilog file "C:/Users/krush/Music/RISC_V_PIPELINED/RISC_V_PROCESSOR.srcs/sources_1/new/D_FF_flush.v" into library xil_defaultlib
INFO: [VRFC 10-311] analyzing module D_FF_flush
INFO: [VRFC 10-2263] Analyzing Verilog file "C:/Users/krush/Music/RISC_V_PIPELINED/RISC_V_PROCESSOR.srcs/sources_1/new/Data_mem.v" into library xil_defaultlib
INFO: [VRFC 10-311] analyzing module Data_mem
INFO: [VRFC 10-2263] Analyzing Verilog file "C:/Users/krush/Music/RISC_V_PIPELINED/RISC_V_PROCESSOR.srcs/sources_1/new/Imm_gen.v" into library xil_defaultlib
INFO: [VRFC 10-311] analyzing module Imm_gen
INFO: [VRFC 10-2263] Analyzing Verilog file "C:/Users/krush/Music/RISC_V_PIPELINED/RISC_V_PROCESSOR.srcs/sources_1/new/Instr_mem.v" into library xil_defaultlib
INFO: [VRFC 10-311] analyzing module Instr_mem
INFO: [VRFC 10-2263] Analyzing Verilog file "C:/Users/krush/Music/RISC_V_PIPELINED/RISC_V_PROCESSOR.srcs/sources_1/new/Register_file.v" into library xil_defaultlib
INFO: [VRFC 10-311] analyzing module Register_file
INFO: [VRFC 10-2263] Analyzing Verilog file "C:/Users/krush/Music/RISC_V_PIPELINED/RISC_V_PROCESSOR.srcs/sources_1/new/decode_cycle.v" into library xil_defaultlib
INFO: [VRFC 10-311] analyzing module decode_cycle
INFO: [VRFC 10-2263] Analyzing Verilog file "C:/Users/krush/Music/RISC_V_PIPELINED/RISC_V_PROCESSOR.srcs/sources_1/new/execute_cycle.v" into library xil_defaultlib
INFO: [VRFC 10-311] analyzing module execute_cycle
INFO: [VRFC 10-2263] Analyzing Verilog file "C:/Users/krush/Music/RISC_V_PIPELINED/RISC_V_PROCESSOR.srcs/sources_1/new/fetch_cycle.v" into library xil_defaultlib
INFO: [VRFC 10-311] analyzing module fetch_cycle
INFO: [VRFC 10-2263] Analyzing Verilog file "C:/Users/krush/Music/RISC_V_PIPELINED/RISC_V_PROCESSOR.srcs/sources_1/new/hazard_unit.v" into library xil_defaultlib
INFO: [VRFC 10-311] analyzing module hazard_unit
INFO: [VRFC 10-2263] Analyzing Verilog file "C:/Users/krush/Music/RISC_V_PIPELINED/RISC_V_PROCESSOR.srcs/sources_1/new/load_unit.v" into library xil_defaultlib
INFO: [VRFC 10-311] analyzing module load_unit
INFO: [VRFC 10-2263] Analyzing Verilog file "C:/Users/krush/Music/RISC_V_PIPELINED/RISC_V_PROCESSOR.srcs/sources_1/new/memory_cycle.v" into library xil_defaultlib
INFO: [VRFC 10-311] analyzing module memory_cycle
INFO: [VRFC 10-2263] Analyzing Verilog file "C:/Users/krush/Music/RISC_V_PIPELINED/RISC_V_PROCESSOR.srcs/sources_1/new/store_unit.v" into library xil_defaultlib
INFO: [VRFC 10-311] analyzing module store_unit
INFO: [VRFC 10-2263] Analyzing Verilog file "C:/Users/krush/Music/RISC_V_PIPELINED/RISC_V_PROCESSOR.srcs/sources_1/new/top.v" into library xil_defaultlib
INFO: [VRFC 10-311] analyzing module top
INFO: [VRFC 10-2263] Analyzing Verilog file "C:/Users/krush/Music/RISC_V_PIPELINED/RISC_V_PROCESSOR.srcs/sources_1/new/write_cycle.v" into library xil_defaultlib
INFO: [VRFC 10-311] analyzing module write_cycle
INFO: [VRFC 10-2263] Analyzing Verilog file "C:/Users/krush/Music/RISC_V_PIPELINED/RISC_V_PROCESSOR.srcs/sim_1/new/tb_riscv.v" into library xil_defaultlib
INFO: [VRFC 10-311] analyzing module tb_riscv
INFO: [USF-XSim-69] 'compile' step finished in '3' seconds
INFO: [USF-XSim-3] XSim::Elaborate design
INFO: [USF-XSim-61] Executing 'ELABORATE' step in 'C:/Users/krush/Music/RISC_V_PIPELINED/RISC_V_PROCESSOR.sim/sim_1/behav/xsim'
"xelab --incr --debug typical --relax --mt 2 -L xil_defaultlib -L unisims_ver -L unimacro_ver -L secureip --snapshot tb_riscv_behav xil_defaultlib.tb_riscv xil_defaultlib.glbl -log elaborate.log"
Vivado Simulator v2024.2.0
Copyright 1986-2022 Xilinx, Inc. All Rights Reserved.
Copyright 2022-2024 Advanced Micro Devices, Inc. All Rights Reserved.
Running: C:/Xilinx/Vivado/2024.2/bin/unwrapped/win64.o/xelab.exe --incr --debug typical --relax --mt 2 -L xil_defaultlib -L unisims_ver -L unimacro_ver -L secureip --snapshot tb_riscv_behav xil_defaultlib.tb_riscv xil_defaultlib.glbl -log elaborate.log 
Using 2 slave threads.
Starting static elaboration
Pass Through NonSizing Optimizer
Completed static elaboration
Starting simulation data flow analysis
Completed simulation data flow analysis
Time Resolution for simulation is 1ps
Compiling module xil_defaultlib.D_FF_enable
Compiling module xil_defaultlib.Instr_mem
Compiling module xil_defaultlib.D_FF_enable_Flush
Compiling module xil_defaultlib.fetch_cycle
Compiling module xil_defaultlib.Control_unit
Compiling module xil_defaultlib.Imm_gen
Compiling module xil_defaultlib.Register_file
Compiling module xil_defaultlib.D_FF_flush
Compiling module xil_defaultlib.D_FF_flush(WIDTH=1)
Compiling module xil_defaultlib.D_FF_flush(WIDTH=2)
Compiling module xil_defaultlib.D_FF_flush(WIDTH=4)
Compiling module xil_defaultlib.D_FF_flush(WIDTH=3)
Compiling module xil_defaultlib.D_FF_flush(WIDTH=5)
Compiling module xil_defaultlib.decode_cycle
Compiling module xil_defaultlib.ALU
Compiling module xil_defaultlib.D_FF(WIDTH=1)
Compiling module xil_defaultlib.D_FF(WIDTH=3)
Compiling module xil_defaultlib.D_FF(WIDTH=2)
Compiling module xil_defaultlib.D_FF
Compiling module xil_defaultlib.D_FF(WIDTH=5)
Compiling module xil_defaultlib.execute_cycle
Compiling module xil_defaultlib.store_unit
Compiling module xil_defaultlib.Data_mem
Compiling module xil_defaultlib.memory_cycle
Compiling module xil_defaultlib.load_unit
Compiling module xil_defaultlib.write_cycle
Compiling module xil_defaultlib.hazard_unit
Compiling module xil_defaultlib.top
Compiling module xil_defaultlib.tb_riscv
Compiling module xil_defaultlib.glbl
Built simulation snapshot tb_riscv_behav
INFO: [USF-XSim-69] 'elaborate' step finished in '4' seconds
INFO: [USF-XSim-4] XSim::Simulate design
INFO: [USF-XSim-61] Executing 'SIMULATE' step in 'C:/Users/krush/Music/RISC_V_PIPELINED/RISC_V_PROCESSOR.sim/sim_1/behav/xsim'
INFO: [USF-XSim-98] *** Running xsim
   with args "tb_riscv_behav -key {Behavioral:sim_1:Functional:tb_riscv} -tclbatch {tb_riscv.tcl} -log {simulate.log}"
INFO: [USF-XSim-8] Loading simulator feature
Time resolution is 1 ps
source tb_riscv.tcl
# set curr_wave [current_wave_config]
# if { [string length $curr_wave] == 0 } {
#   if { [llength [get_objects]] > 0} {
#     add_wave /
#     set_property needs_save false [current_wave_config]
#   } else {
#      send_msg_id Add_Wave-1 WARNING "No top level signals found. Simulator will start without a wave window. If you want to open a wave window go to 'File->New Waveform Configuration' or type 'create_wave_config' in the TCL console."
#   }
# }
# run 1000ns
Loading instruction memory from rv32i_test.hex
Result = 4294967293
1. addi implementation is correct for x0 
2. addi implementation is correct 
3. slli implementation is correct 
4. slti implementation is correct 
5. sltiu implementation is correct 
6. xori implementation is correct 
7. srli implementation is correct 
8. srai implementation is correct 
9. ori implementation is correct 
10. andi implementation is correct
11. add implementation is correct 
12. sub implementation is correct 
13. sll implementation is correct 
14. slt implementation is correct 
15. sltu implementation is correct 
16. xor implementation is correct 
17. srl implementation is correct 
18. sra implementation is correct 
19. or implementation is correct 
20. and implementation is correct 
21. lui implementation is correct 
23. sb implementation is correct
22. auipc implementation is correct 
24. sh implementation is correct
25. sw implementation is correct
26. lb implementation is correct
27. lh implementation is correct
28. lw implementation is correct
29. lbu implementation is correct
30. lhu implementation is correct
31. blt is executing
31. blt is executing
31. blt is executing
31. blt is executing
31. blt is executing
31. blt is executing
31. blt is executing
31. blt is executing
31. blt is executing
31. blt is executing
31. blt implementation is correct 
32. bge is executing
32. bge is executing
32. bge is executing
32. bge is executing
32. bge is executing
32. bge is executing
32. bge is executing
32. bge is executing
32. bge is executing
32. bge is executing
32. bge is executing
32. bge implementation is correct
33. bltu is executing
33. bltu is executing
33. bltu is executing
33. bltu is executing
33. bltu implementation is correct 
34. bgeu is executing
34. bgeu is executing
34. bgeu is executing
34. bgeu is executing
34. bgeu is executing
34. bgeu implementation is correct 
35. bne is executing
35. bne is executing
35. bne is executing
35. bne is executing
35. bne is executing
35. bne implementation is correct 
36. beq is executing
36. beq is executing
36. beq implementation is incorrect
37. jalr implementation is incorrect
37. jalr implementation is correct 
INFO: [USF-XSim-96] XSim completed. Design snapshot 'tb_riscv_behav' loaded.
INFO: [USF-XSim-97] XSim simulation ran for 1000ns
launch_simulation: Time (s): cpu = 00:00:03 ; elapsed = 00:00:09 . Memory (MB): peak = 2335.445 ; gain = 0.000
close_sim
INFO: [Simtcl 6-16] Simulation closed
WARNING: [filemgmt 56-199] Attempt to get parsing info during refresh. "On-the-fly" syntax checking information may be incorrect. [C:\Users\krush\Music\RISC_V_PIPELINED\RISC_V_PROCESSOR.srcs\sim_1\new\tb_riscv.v:]
WARNING: [filemgmt 56-199] Attempt to get parsing info during refresh. "On-the-fly" syntax checking information may be incorrect. [C:\Users\krush\Music\RISC_V_PIPELINED\RISC_V_PROCESSOR.srcs\sources_1\new\Instr_mem.v:]
WARNING: [filemgmt 56-199] Attempt to get parsing info during refresh. "On-the-fly" syntax checking information may be incorrect. [C:\Users\krush\Music\RISC_V_PIPELINED\RISC_V_PROCESSOR.srcs\sources_1\new\Instr_mem.v:]
WARNING: [filemgmt 56-199] Attempt to get parsing info during refresh. "On-the-fly" syntax checking information may be incorrect. [C:\Users\krush\Music\RISC_V_PIPELINED\RISC_V_PROCESSOR.srcs\sources_1\new\Instr_mem.v:]
ERROR: [Common 17-180] Spawn failed: No error
WARNING: [filemgmt 56-199] Attempt to get parsing info during refresh. "On-the-fly" syntax checking information may be incorrect. [C:\Users\krush\Music\RISC_V_PIPELINED\RISC_V_PROCESSOR.srcs\sim_1\new\tb_riscv.v:]
WARNING: [filemgmt 56-199] Attempt to get parsing info during refresh. "On-the-fly" syntax checking information may be incorrect. [C:\Users\krush\Music\RISC_V_PIPELINED\RISC_V_PROCESSOR.srcs\sources_1\new\Instr_mem.v:]
WARNING: [filemgmt 56-199] Attempt to get parsing info during refresh. "On-the-fly" syntax checking information may be incorrect. [C:\Users\krush\Music\RISC_V_PIPELINED\RISC_V_PROCESSOR.srcs\sources_1\new\Instr_mem.v:]
WARNING: [filemgmt 56-199] Attempt to get parsing info during refresh. "On-the-fly" syntax checking information may be incorrect. [C:\Users\krush\Music\RISC_V_PIPELINED\RISC_V_PROCESSOR.srcs\sources_1\new\Instr_mem.v:]
ERROR: [Common 17-180] Spawn failed: No error
launch_simulation
Command: launch_simulation 
INFO: [Vivado 12-12493] Simulation top is 'tb_riscv'
WARNING: [Vivado 12-13340] Unable to auto find GCC executables from simulator install path! (path not set)
INFO: [Vivado 12-5682] Launching behavioral simulation in 'C:/Users/krush/Music/RISC_V_PIPELINED/RISC_V_PROCESSOR.sim/sim_1/behav/xsim'
INFO: [SIM-utils-51] Simulation object is 'sim_1'
INFO: [SIM-utils-72] Using boost library from 'C:/Xilinx/Vivado/2024.2/tps/boost_1_72_0'
INFO: [SIM-utils-54] Inspecting design source files for 'tb_riscv' in fileset 'sim_1'...
INFO: [USF-XSim-97] Finding global include files...
INFO: [USF-XSim-98] Fetching design files from 'sim_1'...
INFO: [USF-XSim-2] XSim::Compile design
INFO: [USF-XSim-61] Executing 'COMPILE and ANALYZE' step in 'C:/Users/krush/Music/RISC_V_PIPELINED/RISC_V_PROCESSOR.sim/sim_1/behav/xsim'
"xvlog --incr --relax -prj tb_riscv_vlog.prj"
INFO: [VRFC 10-2263] Analyzing Verilog file "C:/Users/krush/Music/RISC_V_PIPELINED/RISC_V_PROCESSOR.srcs/sources_1/new/ALU.v" into library xil_defaultlib
INFO: [VRFC 10-311] analyzing module ALU
INFO: [VRFC 10-2263] Analyzing Verilog file "C:/Users/krush/Music/RISC_V_PIPELINED/RISC_V_PROCESSOR.srcs/sources_1/new/Control_unit.v" into library xil_defaultlib
INFO: [VRFC 10-311] analyzing module Control_unit
INFO: [VRFC 10-2263] Analyzing Verilog file "C:/Users/krush/Music/RISC_V_PIPELINED/RISC_V_PROCESSOR.srcs/sources_1/new/D_FF.v" into library xil_defaultlib
INFO: [VRFC 10-311] analyzing module D_FF
INFO: [VRFC 10-2263] Analyzing Verilog file "C:/Users/krush/Music/RISC_V_PIPELINED/RISC_V_PROCESSOR.srcs/sources_1/new/D_FF_enable.v" into library xil_defaultlib
INFO: [VRFC 10-311] analyzing module D_FF_enable
INFO: [VRFC 10-2263] Analyzing Verilog file "C:/Users/krush/Music/RISC_V_PIPELINED/RISC_V_PROCESSOR.srcs/sources_1/new/D_FF_enable_Flush.v" into library xil_defaultlib
INFO: [VRFC 10-311] analyzing module D_FF_enable_Flush
INFO: [VRFC 10-2263] Analyzing Verilog file "C:/Users/krush/Music/RISC_V_PIPELINED/RISC_V_PROCESSOR.srcs/sources_1/new/D_FF_flush.v" into library xil_defaultlib
INFO: [VRFC 10-311] analyzing module D_FF_flush
INFO: [VRFC 10-2263] Analyzing Verilog file "C:/Users/krush/Music/RISC_V_PIPELINED/RISC_V_PROCESSOR.srcs/sources_1/new/Data_mem.v" into library xil_defaultlib
INFO: [VRFC 10-311] analyzing module Data_mem
INFO: [VRFC 10-2263] Analyzing Verilog file "C:/Users/krush/Music/RISC_V_PIPELINED/RISC_V_PROCESSOR.srcs/sources_1/new/Imm_gen.v" into library xil_defaultlib
INFO: [VRFC 10-311] analyzing module Imm_gen
INFO: [VRFC 10-2263] Analyzing Verilog file "C:/Users/krush/Music/RISC_V_PIPELINED/RISC_V_PROCESSOR.srcs/sources_1/new/Instr_mem.v" into library xil_defaultlib
INFO: [VRFC 10-311] analyzing module Instr_mem
INFO: [VRFC 10-2263] Analyzing Verilog file "C:/Users/krush/Music/RISC_V_PIPELINED/RISC_V_PROCESSOR.srcs/sources_1/new/Register_file.v" into library xil_defaultlib
INFO: [VRFC 10-311] analyzing module Register_file
INFO: [VRFC 10-2263] Analyzing Verilog file "C:/Users/krush/Music/RISC_V_PIPELINED/RISC_V_PROCESSOR.srcs/sources_1/new/decode_cycle.v" into library xil_defaultlib
INFO: [VRFC 10-311] analyzing module decode_cycle
INFO: [VRFC 10-2263] Analyzing Verilog file "C:/Users/krush/Music/RISC_V_PIPELINED/RISC_V_PROCESSOR.srcs/sources_1/new/execute_cycle.v" into library xil_defaultlib
INFO: [VRFC 10-311] analyzing module execute_cycle
INFO: [VRFC 10-2263] Analyzing Verilog file "C:/Users/krush/Music/RISC_V_PIPELINED/RISC_V_PROCESSOR.srcs/sources_1/new/fetch_cycle.v" into library xil_defaultlib
INFO: [VRFC 10-311] analyzing module fetch_cycle
INFO: [VRFC 10-2263] Analyzing Verilog file "C:/Users/krush/Music/RISC_V_PIPELINED/RISC_V_PROCESSOR.srcs/sources_1/new/hazard_unit.v" into library xil_defaultlib
INFO: [VRFC 10-311] analyzing module hazard_unit
INFO: [VRFC 10-2263] Analyzing Verilog file "C:/Users/krush/Music/RISC_V_PIPELINED/RISC_V_PROCESSOR.srcs/sources_1/new/load_unit.v" into library xil_defaultlib
INFO: [VRFC 10-311] analyzing module load_unit
INFO: [VRFC 10-2263] Analyzing Verilog file "C:/Users/krush/Music/RISC_V_PIPELINED/RISC_V_PROCESSOR.srcs/sources_1/new/memory_cycle.v" into library xil_defaultlib
INFO: [VRFC 10-311] analyzing module memory_cycle
INFO: [VRFC 10-2263] Analyzing Verilog file "C:/Users/krush/Music/RISC_V_PIPELINED/RISC_V_PROCESSOR.srcs/sources_1/new/store_unit.v" into library xil_defaultlib
INFO: [VRFC 10-311] analyzing module store_unit
INFO: [VRFC 10-2263] Analyzing Verilog file "C:/Users/krush/Music/RISC_V_PIPELINED/RISC_V_PROCESSOR.srcs/sources_1/new/top.v" into library xil_defaultlib
INFO: [VRFC 10-311] analyzing module top
INFO: [VRFC 10-2263] Analyzing Verilog file "C:/Users/krush/Music/RISC_V_PIPELINED/RISC_V_PROCESSOR.srcs/sources_1/new/write_cycle.v" into library xil_defaultlib
INFO: [VRFC 10-311] analyzing module write_cycle
INFO: [VRFC 10-2263] Analyzing Verilog file "C:/Users/krush/Music/RISC_V_PIPELINED/RISC_V_PROCESSOR.srcs/sim_1/new/tb_riscv.v" into library xil_defaultlib
INFO: [VRFC 10-311] analyzing module tb_riscv
INFO: [USF-XSim-69] 'compile' step finished in '4' seconds
INFO: [USF-XSim-3] XSim::Elaborate design
INFO: [USF-XSim-61] Executing 'ELABORATE' step in 'C:/Users/krush/Music/RISC_V_PIPELINED/RISC_V_PROCESSOR.sim/sim_1/behav/xsim'
"xelab --incr --debug typical --relax --mt 2 -L xil_defaultlib -L unisims_ver -L unimacro_ver -L secureip --snapshot tb_riscv_behav xil_defaultlib.tb_riscv xil_defaultlib.glbl -log elaborate.log"
Vivado Simulator v2024.2.0
Copyright 1986-2022 Xilinx, Inc. All Rights Reserved.
Copyright 2022-2024 Advanced Micro Devices, Inc. All Rights Reserved.
Running: C:/Xilinx/Vivado/2024.2/bin/unwrapped/win64.o/xelab.exe --incr --debug typical --relax --mt 2 -L xil_defaultlib -L unisims_ver -L unimacro_ver -L secureip --snapshot tb_riscv_behav xil_defaultlib.tb_riscv xil_defaultlib.glbl -log elaborate.log 
Using 2 slave threads.
Starting static elaboration
Pass Through NonSizing Optimizer
Completed static elaboration
Starting simulation data flow analysis
Completed simulation data flow analysis
Time Resolution for simulation is 1ps
Compiling module xil_defaultlib.D_FF_enable
Compiling module xil_defaultlib.Instr_mem
Compiling module xil_defaultlib.D_FF_enable_Flush
Compiling module xil_defaultlib.fetch_cycle
Compiling module xil_defaultlib.Control_unit
Compiling module xil_defaultlib.Imm_gen
Compiling module xil_defaultlib.Register_file
Compiling module xil_defaultlib.D_FF_flush
Compiling module xil_defaultlib.D_FF_flush(WIDTH=1)
Compiling module xil_defaultlib.D_FF_flush(WIDTH=2)
Compiling module xil_defaultlib.D_FF_flush(WIDTH=4)
Compiling module xil_defaultlib.D_FF_flush(WIDTH=3)
Compiling module xil_defaultlib.D_FF_flush(WIDTH=5)
Compiling module xil_defaultlib.decode_cycle
Compiling module xil_defaultlib.ALU
Compiling module xil_defaultlib.D_FF(WIDTH=1)
Compiling module xil_defaultlib.D_FF(WIDTH=3)
Compiling module xil_defaultlib.D_FF(WIDTH=2)
Compiling module xil_defaultlib.D_FF
Compiling module xil_defaultlib.D_FF(WIDTH=5)
Compiling module xil_defaultlib.execute_cycle
Compiling module xil_defaultlib.store_unit
Compiling module xil_defaultlib.Data_mem
Compiling module xil_defaultlib.memory_cycle
Compiling module xil_defaultlib.load_unit
Compiling module xil_defaultlib.write_cycle
Compiling module xil_defaultlib.hazard_unit
Compiling module xil_defaultlib.top
Compiling module xil_defaultlib.tb_riscv
Compiling module xil_defaultlib.glbl
Built simulation snapshot tb_riscv_behav
INFO: [USF-XSim-69] 'elaborate' step finished in '3' seconds
INFO: [USF-XSim-4] XSim::Simulate design
INFO: [USF-XSim-61] Executing 'SIMULATE' step in 'C:/Users/krush/Music/RISC_V_PIPELINED/RISC_V_PROCESSOR.sim/sim_1/behav/xsim'
INFO: [USF-XSim-98] *** Running xsim
   with args "tb_riscv_behav -key {Behavioral:sim_1:Functional:tb_riscv} -tclbatch {tb_riscv.tcl} -log {simulate.log}"
INFO: [USF-XSim-8] Loading simulator feature
Time resolution is 1 ps
source tb_riscv.tcl
# set curr_wave [current_wave_config]
# if { [string length $curr_wave] == 0 } {
#   if { [llength [get_objects]] > 0} {
#     add_wave /
#     set_property needs_save false [current_wave_config]
#   } else {
#      send_msg_id Add_Wave-1 WARNING "No top level signals found. Simulator will start without a wave window. If you want to open a wave window go to 'File->New Waveform Configuration' or type 'create_wave_config' in the TCL console."
#   }
# }
# run 1000ns
Loading instruction memory from rv32i_test.hex
Result = 4294967293
1. addi implementation is correct for x0 
2. addi implementation is correct 
3. slli implementation is correct 
4. slti implementation is correct 
5. sltiu implementation is correct 
6. xori implementation is correct 
7. srli implementation is correct 
8. srai implementation is correct 
9. ori implementation is correct 
10. andi implementation is correct
11. add implementation is correct 
12. sub implementation is correct 
13. sll implementation is correct 
14. slt implementation is correct 
15. sltu implementation is correct 
16. xor implementation is correct 
17. srl implementation is correct 
18. sra implementation is correct 
19. or implementation is correct 
20. and implementation is correct 
21. lui implementation is correct 
23. sb implementation is correct
22. auipc implementation is correct 
24. sh implementation is correct
25. sw implementation is correct
26. lb implementation is correct
27. lh implementation is correct
28. lw implementation is correct
29. lbu implementation is correct
30. lhu implementation is correct
31. blt is executing
31. blt is executing
31. blt is executing
31. blt is executing
31. blt is executing
31. blt is executing
31. blt is executing
31. blt is executing
31. blt is executing
31. blt is executing
31. blt implementation is correct 
32. bge is executing
32. bge is executing
INFO: [USF-XSim-96] XSim completed. Design snapshot 'tb_riscv_behav' loaded.
INFO: [USF-XSim-97] XSim simulation ran for 1000ns
launch_simulation: Time (s): cpu = 00:00:02 ; elapsed = 00:00:09 . Memory (MB): peak = 2335.445 ; gain = 0.000
run all
32. bge is executing
32. bge is executing
32. bge is executing
32. bge is executing
32. bge is executing
32. bge is executing
32. bge is executing
32. bge is executing
32. bge is executing
32. bge implementation is correct
33. bltu is executing
33. bltu is executing
33. bltu is executing
33. bltu is executing
33. bltu implementation is correct 
34. bgeu is executing
34. bgeu is executing
34. bgeu is executing
34. bgeu is executing
34. bgeu is executing
34. bgeu implementation is correct 
35. bne is executing
35. bne is executing
35. bne is executing
35. bne is executing
35. bne is executing
35. bne implementation is correct 
36. beq is executing
36. beq is executing
36. beq implementation is incorrect
37. jalr implementation is incorrect
37. jalr implementation is correct 
INFO: [Common 17-41] Interrupt caught. Command should exit soon.
run: Time (s): cpu = 00:01:25 ; elapsed = 00:01:26 . Memory (MB): peak = 2335.445 ; gain = 0.000
INFO: [Common 17-344] 'run' was cancelled
close_sim
INFO: xsimkernel Simulation Memory Usage: 37700 KB (Peak: 37700 KB), Simulation CPU Usage: 62452 ms
INFO: [Simtcl 6-16] Simulation closed
WARNING: [filemgmt 56-199] Attempt to get parsing info during refresh. "On-the-fly" syntax checking information may be incorrect. [C:\Users\krush\Music\RISC_V_PIPELINED\RISC_V_PROCESSOR.srcs\sim_1\new\tb_riscv.v:]
WARNING: [filemgmt 56-199] Attempt to get parsing info during refresh. "On-the-fly" syntax checking information may be incorrect. [C:\Users\krush\Music\RISC_V_PIPELINED\RISC_V_PROCESSOR.srcs\sources_1\new\decode_cycle.v:]
WARNING: [filemgmt 56-199] Attempt to get parsing info during refresh. "On-the-fly" syntax checking information may be incorrect. [C:\Users\krush\Music\RISC_V_PIPELINED\RISC_V_PROCESSOR.srcs\sources_1\new\Instr_mem.v:]
WARNING: [filemgmt 56-199] Attempt to get parsing info during refresh. "On-the-fly" syntax checking information may be incorrect. [C:\Users\krush\Music\RISC_V_PIPELINED\RISC_V_PROCESSOR.srcs\sources_1\new\Instr_mem.v:]
WARNING: [filemgmt 56-199] Attempt to get parsing info during refresh. "On-the-fly" syntax checking information may be incorrect. [C:\Users\krush\Music\RISC_V_PIPELINED\RISC_V_PROCESSOR.srcs\sources_1\new\Instr_mem.v:]
WARNING: [filemgmt 56-199] Attempt to get parsing info during refresh. "On-the-fly" syntax checking information may be incorrect. [C:\Users\krush\Music\RISC_V_PIPELINED\RISC_V_PROCESSOR.srcs\sim_1\new\tb_riscv.v:]
WARNING: [filemgmt 56-199] Attempt to get parsing info during refresh. "On-the-fly" syntax checking information may be incorrect. [C:\Users\krush\Music\RISC_V_PIPELINED\RISC_V_PROCESSOR.srcs\sources_1\new\decode_cycle.v:]
WARNING: [filemgmt 56-199] Attempt to get parsing info during refresh. "On-the-fly" syntax checking information may be incorrect. [C:\Users\krush\Music\RISC_V_PIPELINED\RISC_V_PROCESSOR.srcs\sources_1\new\Instr_mem.v:]
WARNING: [filemgmt 56-199] Attempt to get parsing info during refresh. "On-the-fly" syntax checking information may be incorrect. [C:\Users\krush\Music\RISC_V_PIPELINED\RISC_V_PROCESSOR.srcs\sim_1\new\tb_riscv.v:]
WARNING: [filemgmt 56-199] Attempt to get parsing info during refresh. "On-the-fly" syntax checking information may be incorrect. [C:\Users\krush\Music\RISC_V_PIPELINED\RISC_V_PROCESSOR.srcs\sim_1\new\tb_riscv.v:]
WARNING: [filemgmt 56-199] Attempt to get parsing info during refresh. "On-the-fly" syntax checking information may be incorrect. [C:\Users\krush\Music\RISC_V_PIPELINED\RISC_V_PROCESSOR.srcs\sim_1\new\tb_riscv.v:]
WARNING: [filemgmt 56-199] Attempt to get parsing info during refresh. "On-the-fly" syntax checking information may be incorrect. [C:\Users\krush\Music\RISC_V_PIPELINED\RISC_V_PROCESSOR.srcs\sources_1\new\decode_cycle.v:]
WARNING: [filemgmt 56-199] Attempt to get parsing info during refresh. "On-the-fly" syntax checking information may be incorrect. [C:\Users\krush\Music\RISC_V_PIPELINED\RISC_V_PROCESSOR.srcs\sources_1\new\Instr_mem.v:]
WARNING: [filemgmt 56-199] Attempt to get parsing info during refresh. "On-the-fly" syntax checking information may be incorrect. [C:\Users\krush\Music\RISC_V_PIPELINED\RISC_V_PROCESSOR.srcs\sources_1\new\Instr_mem.v:]
WARNING: [filemgmt 56-199] Attempt to get parsing info during refresh. "On-the-fly" syntax checking information may be incorrect. [C:\Users\krush\Music\RISC_V_PIPELINED\RISC_V_PROCESSOR.srcs\sources_1\new\Instr_mem.v:]
WARNING: [filemgmt 56-199] Attempt to get parsing info during refresh. "On-the-fly" syntax checking information may be incorrect. [C:\Users\krush\Music\RISC_V_PIPELINED\RISC_V_PROCESSOR.srcs\sim_1\new\tb_riscv.v:]
WARNING: [filemgmt 56-199] Attempt to get parsing info during refresh. "On-the-fly" syntax checking information may be incorrect. [C:\Users\krush\Music\RISC_V_PIPELINED\RISC_V_PROCESSOR.srcs\sources_1\new\decode_cycle.v:]
WARNING: [filemgmt 56-199] Attempt to get parsing info during refresh. "On-the-fly" syntax checking information may be incorrect. [C:\Users\krush\Music\RISC_V_PIPELINED\RISC_V_PROCESSOR.srcs\sources_1\new\Instr_mem.v:]
WARNING: [filemgmt 56-199] Attempt to get parsing info during refresh. "On-the-fly" syntax checking information may be incorrect. [C:\Users\krush\Music\RISC_V_PIPELINED\RISC_V_PROCESSOR.srcs\sources_1\new\decode_cycle.v:]
WARNING: [filemgmt 56-199] Attempt to get parsing info during refresh. "On-the-fly" syntax checking information may be incorrect. [C:\Users\krush\Music\RISC_V_PIPELINED\RISC_V_PROCESSOR.srcs\sources_1\new\decode_cycle.v:]
launch_simulation
Command: launch_simulation 
INFO: [Vivado 12-12493] Simulation top is 'tb_riscv'
WARNING: [Vivado 12-13340] Unable to auto find GCC executables from simulator install path! (path not set)
INFO: [Vivado 12-5682] Launching behavioral simulation in 'C:/Users/krush/Music/RISC_V_PIPELINED/RISC_V_PROCESSOR.sim/sim_1/behav/xsim'
INFO: [SIM-utils-51] Simulation object is 'sim_1'
INFO: [SIM-utils-72] Using boost library from 'C:/Xilinx/Vivado/2024.2/tps/boost_1_72_0'
INFO: [SIM-utils-54] Inspecting design source files for 'tb_riscv' in fileset 'sim_1'...
INFO: [USF-XSim-97] Finding global include files...
INFO: [USF-XSim-98] Fetching design files from 'sim_1'...
INFO: [USF-XSim-2] XSim::Compile design
INFO: [USF-XSim-61] Executing 'COMPILE and ANALYZE' step in 'C:/Users/krush/Music/RISC_V_PIPELINED/RISC_V_PROCESSOR.sim/sim_1/behav/xsim'
"xvlog --incr --relax -prj tb_riscv_vlog.prj"
INFO: [VRFC 10-2263] Analyzing Verilog file "C:/Users/krush/Music/RISC_V_PIPELINED/RISC_V_PROCESSOR.srcs/sources_1/new/ALU.v" into library xil_defaultlib
INFO: [VRFC 10-311] analyzing module ALU
INFO: [VRFC 10-2263] Analyzing Verilog file "C:/Users/krush/Music/RISC_V_PIPELINED/RISC_V_PROCESSOR.srcs/sources_1/new/Control_unit.v" into library xil_defaultlib
INFO: [VRFC 10-311] analyzing module Control_unit
INFO: [VRFC 10-2263] Analyzing Verilog file "C:/Users/krush/Music/RISC_V_PIPELINED/RISC_V_PROCESSOR.srcs/sources_1/new/D_FF.v" into library xil_defaultlib
INFO: [VRFC 10-311] analyzing module D_FF
INFO: [VRFC 10-2263] Analyzing Verilog file "C:/Users/krush/Music/RISC_V_PIPELINED/RISC_V_PROCESSOR.srcs/sources_1/new/D_FF_enable.v" into library xil_defaultlib
INFO: [VRFC 10-311] analyzing module D_FF_enable
INFO: [VRFC 10-2263] Analyzing Verilog file "C:/Users/krush/Music/RISC_V_PIPELINED/RISC_V_PROCESSOR.srcs/sources_1/new/D_FF_enable_Flush.v" into library xil_defaultlib
INFO: [VRFC 10-311] analyzing module D_FF_enable_Flush
INFO: [VRFC 10-2263] Analyzing Verilog file "C:/Users/krush/Music/RISC_V_PIPELINED/RISC_V_PROCESSOR.srcs/sources_1/new/D_FF_flush.v" into library xil_defaultlib
INFO: [VRFC 10-311] analyzing module D_FF_flush
INFO: [VRFC 10-2263] Analyzing Verilog file "C:/Users/krush/Music/RISC_V_PIPELINED/RISC_V_PROCESSOR.srcs/sources_1/new/Data_mem.v" into library xil_defaultlib
INFO: [VRFC 10-311] analyzing module Data_mem
INFO: [VRFC 10-2263] Analyzing Verilog file "C:/Users/krush/Music/RISC_V_PIPELINED/RISC_V_PROCESSOR.srcs/sources_1/new/Imm_gen.v" into library xil_defaultlib
INFO: [VRFC 10-311] analyzing module Imm_gen
INFO: [VRFC 10-2263] Analyzing Verilog file "C:/Users/krush/Music/RISC_V_PIPELINED/RISC_V_PROCESSOR.srcs/sources_1/new/Instr_mem.v" into library xil_defaultlib
INFO: [VRFC 10-311] analyzing module Instr_mem
INFO: [VRFC 10-2263] Analyzing Verilog file "C:/Users/krush/Music/RISC_V_PIPELINED/RISC_V_PROCESSOR.srcs/sources_1/new/Register_file.v" into library xil_defaultlib
INFO: [VRFC 10-311] analyzing module Register_file
INFO: [VRFC 10-2263] Analyzing Verilog file "C:/Users/krush/Music/RISC_V_PIPELINED/RISC_V_PROCESSOR.srcs/sources_1/new/decode_cycle.v" into library xil_defaultlib
INFO: [VRFC 10-311] analyzing module decode_cycle
INFO: [VRFC 10-2263] Analyzing Verilog file "C:/Users/krush/Music/RISC_V_PIPELINED/RISC_V_PROCESSOR.srcs/sources_1/new/execute_cycle.v" into library xil_defaultlib
INFO: [VRFC 10-311] analyzing module execute_cycle
INFO: [VRFC 10-2263] Analyzing Verilog file "C:/Users/krush/Music/RISC_V_PIPELINED/RISC_V_PROCESSOR.srcs/sources_1/new/fetch_cycle.v" into library xil_defaultlib
INFO: [VRFC 10-311] analyzing module fetch_cycle
INFO: [VRFC 10-2263] Analyzing Verilog file "C:/Users/krush/Music/RISC_V_PIPELINED/RISC_V_PROCESSOR.srcs/sources_1/new/hazard_unit.v" into library xil_defaultlib
INFO: [VRFC 10-311] analyzing module hazard_unit
INFO: [VRFC 10-2263] Analyzing Verilog file "C:/Users/krush/Music/RISC_V_PIPELINED/RISC_V_PROCESSOR.srcs/sources_1/new/load_unit.v" into library xil_defaultlib
INFO: [VRFC 10-311] analyzing module load_unit
INFO: [VRFC 10-2263] Analyzing Verilog file "C:/Users/krush/Music/RISC_V_PIPELINED/RISC_V_PROCESSOR.srcs/sources_1/new/memory_cycle.v" into library xil_defaultlib
INFO: [VRFC 10-311] analyzing module memory_cycle
INFO: [VRFC 10-2263] Analyzing Verilog file "C:/Users/krush/Music/RISC_V_PIPELINED/RISC_V_PROCESSOR.srcs/sources_1/new/store_unit.v" into library xil_defaultlib
INFO: [VRFC 10-311] analyzing module store_unit
INFO: [VRFC 10-2263] Analyzing Verilog file "C:/Users/krush/Music/RISC_V_PIPELINED/RISC_V_PROCESSOR.srcs/sources_1/new/top.v" into library xil_defaultlib
INFO: [VRFC 10-311] analyzing module top
INFO: [VRFC 10-2263] Analyzing Verilog file "C:/Users/krush/Music/RISC_V_PIPELINED/RISC_V_PROCESSOR.srcs/sources_1/new/write_cycle.v" into library xil_defaultlib
INFO: [VRFC 10-311] analyzing module write_cycle
INFO: [VRFC 10-2263] Analyzing Verilog file "C:/Users/krush/Music/RISC_V_PIPELINED/RISC_V_PROCESSOR.srcs/sim_1/new/tb_riscv.v" into library xil_defaultlib
INFO: [VRFC 10-311] analyzing module tb_riscv
INFO: [USF-XSim-69] 'compile' step finished in '4' seconds
INFO: [USF-XSim-3] XSim::Elaborate design
INFO: [USF-XSim-61] Executing 'ELABORATE' step in 'C:/Users/krush/Music/RISC_V_PIPELINED/RISC_V_PROCESSOR.sim/sim_1/behav/xsim'
"xelab --incr --debug typical --relax --mt 2 -L xil_defaultlib -L unisims_ver -L unimacro_ver -L secureip --snapshot tb_riscv_behav xil_defaultlib.tb_riscv xil_defaultlib.glbl -log elaborate.log"
Vivado Simulator v2024.2.0
Copyright 1986-2022 Xilinx, Inc. All Rights Reserved.
Copyright 2022-2024 Advanced Micro Devices, Inc. All Rights Reserved.
Running: C:/Xilinx/Vivado/2024.2/bin/unwrapped/win64.o/xelab.exe --incr --debug typical --relax --mt 2 -L xil_defaultlib -L unisims_ver -L unimacro_ver -L secureip --snapshot tb_riscv_behav xil_defaultlib.tb_riscv xil_defaultlib.glbl -log elaborate.log 
Using 2 slave threads.
Starting static elaboration
Pass Through NonSizing Optimizer
Completed static elaboration
Starting simulation data flow analysis
Completed simulation data flow analysis
Time Resolution for simulation is 1ps
Compiling module xil_defaultlib.D_FF_enable
Compiling module xil_defaultlib.Instr_mem
Compiling module xil_defaultlib.D_FF_enable_Flush
Compiling module xil_defaultlib.fetch_cycle
Compiling module xil_defaultlib.Control_unit
Compiling module xil_defaultlib.Imm_gen
Compiling module xil_defaultlib.Register_file
Compiling module xil_defaultlib.D_FF_flush
Compiling module xil_defaultlib.D_FF_flush(WIDTH=1)
Compiling module xil_defaultlib.D_FF_flush(WIDTH=2)
Compiling module xil_defaultlib.D_FF_flush(WIDTH=4)
Compiling module xil_defaultlib.D_FF_flush(WIDTH=3)
Compiling module xil_defaultlib.D_FF_flush(WIDTH=5)
Compiling module xil_defaultlib.decode_cycle
Compiling module xil_defaultlib.ALU
Compiling module xil_defaultlib.D_FF(WIDTH=1)
Compiling module xil_defaultlib.D_FF(WIDTH=3)
Compiling module xil_defaultlib.D_FF(WIDTH=2)
Compiling module xil_defaultlib.D_FF
Compiling module xil_defaultlib.D_FF(WIDTH=5)
Compiling module xil_defaultlib.execute_cycle
Compiling module xil_defaultlib.store_unit
Compiling module xil_defaultlib.Data_mem
Compiling module xil_defaultlib.memory_cycle
Compiling module xil_defaultlib.load_unit
Compiling module xil_defaultlib.write_cycle
Compiling module xil_defaultlib.hazard_unit
Compiling module xil_defaultlib.top
Compiling module xil_defaultlib.tb_riscv
Compiling module xil_defaultlib.glbl
Built simulation snapshot tb_riscv_behav
run_program: Time (s): cpu = 00:00:00 ; elapsed = 00:00:05 . Memory (MB): peak = 2335.445 ; gain = 0.000
INFO: [USF-XSim-69] 'elaborate' step finished in '5' seconds
INFO: [USF-XSim-4] XSim::Simulate design
INFO: [USF-XSim-61] Executing 'SIMULATE' step in 'C:/Users/krush/Music/RISC_V_PIPELINED/RISC_V_PROCESSOR.sim/sim_1/behav/xsim'
INFO: [USF-XSim-98] *** Running xsim
   with args "tb_riscv_behav -key {Behavioral:sim_1:Functional:tb_riscv} -tclbatch {tb_riscv.tcl} -log {simulate.log}"
INFO: [USF-XSim-8] Loading simulator feature
Time resolution is 1 ps
source tb_riscv.tcl
# set curr_wave [current_wave_config]
# if { [string length $curr_wave] == 0 } {
#   if { [llength [get_objects]] > 0} {
#     add_wave /
#     set_property needs_save false [current_wave_config]
#   } else {
#      send_msg_id Add_Wave-1 WARNING "No top level signals found. Simulator will start without a wave window. If you want to open a wave window go to 'File->New Waveform Configuration' or type 'create_wave_config' in the TCL console."
#   }
# }
# run 1000ns
Loading instruction memory from rv32i_test.hex
Result = 4294967293
1. addi implementation is correct for x0 
2. addi implementation is correct 
3. slli implementation is correct 
4. slti implementation is correct 
5. sltiu implementation is correct 
6. xori implementation is correct 
7. srli implementation is correct 
8. srai implementation is correct 
9. ori implementation is correct 
10. andi implementation is correct
11. add implementation is correct 
12. sub implementation is correct 
13. sll implementation is correct 
14. slt implementation is correct 
15. sltu implementation is correct 
16. xor implementation is correct 
17. srl implementation is correct 
18. sra implementation is correct 
19. or implementation is correct 
20. and implementation is correct 
21. lui implementation is correct 
23. sb implementation is correct
22. auipc implementation is correct 
24. sh implementation is correct
25. sw implementation is correct
26. lb implementation is correct
27. lh implementation is correct
28. lw implementation is correct
29. lbu implementation is correct
30. lhu implementation is correct
31. blt is executing
31. blt is executing
31. blt is executing
31. blt is executing
31. blt is executing
31. blt is executing
31. blt is executing
31. blt is executing
31. blt is executing
31. blt is executing
31. blt implementation is correct 
32. bge is executing
32. bge is executing
INFO: [USF-XSim-96] XSim completed. Design snapshot 'tb_riscv_behav' loaded.
INFO: [USF-XSim-97] XSim simulation ran for 1000ns
launch_simulation: Time (s): cpu = 00:00:04 ; elapsed = 00:00:11 . Memory (MB): peak = 2335.445 ; gain = 0.000
run all
32. bge is executing
32. bge is executing
32. bge is executing
32. bge is executing
32. bge is executing
32. bge is executing
32. bge is executing
32. bge is executing
32. bge is executing
32. bge implementation is correct
33. bltu is executing
33. bltu is executing
33. bltu is executing
33. bltu is executing
33. bltu implementation is correct 
34. bgeu is executing
34. bgeu is executing
34. bgeu is executing
34. bgeu is executing
34. bgeu is executing
34. bgeu implementation is correct 
35. bne is executing
35. bne is executing
35. bne is executing
35. bne is executing
35. bne is executing
35. bne implementation is correct 
36. beq is executing
36. beq is executing
36. beq implementation is incorrect
37. jalr implementation is incorrect
37. jalr implementation is correct 
INFO: [Common 17-41] Interrupt caught. Command should exit soon.
run: Time (s): cpu = 00:01:09 ; elapsed = 00:01:12 . Memory (MB): peak = 2335.445 ; gain = 0.000
INFO: [Common 17-344] 'run' was cancelled
close_sim
INFO: xsimkernel Simulation Memory Usage: 37800 KB (Peak: 37800 KB), Simulation CPU Usage: 53390 ms
INFO: [Simtcl 6-16] Simulation closed
WARNING: [filemgmt 56-199] Attempt to get parsing info during refresh. "On-the-fly" syntax checking information may be incorrect. [C:\Users\krush\Music\RISC_V_PIPELINED\RISC_V_PROCESSOR.srcs\sources_1\new\write_cycle.v:]
WARNING: [filemgmt 56-199] Attempt to get parsing info during refresh. "On-the-fly" syntax checking information may be incorrect. [C:\Users\krush\Music\RISC_V_PIPELINED\RISC_V_PROCESSOR.srcs\sim_1\new\tb_riscv.v:]
WARNING: [filemgmt 56-199] Attempt to get parsing info during refresh. "On-the-fly" syntax checking information may be incorrect. [C:\Users\krush\Music\RISC_V_PIPELINED\RISC_V_PROCESSOR.srcs\sources_1\new\decode_cycle.v:]
WARNING: [filemgmt 56-199] Attempt to get parsing info during refresh. "On-the-fly" syntax checking information may be incorrect. [C:\Users\krush\Music\RISC_V_PIPELINED\RISC_V_PROCESSOR.srcs\sources_1\new\Instr_mem.v:]
WARNING: [filemgmt 56-199] Attempt to get parsing info during refresh. "On-the-fly" syntax checking information may be incorrect. [C:\Users\krush\Music\RISC_V_PIPELINED\RISC_V_PROCESSOR.srcs\sources_1\new\hazard_unit.v:]
WARNING: [filemgmt 56-199] Attempt to get parsing info during refresh. "On-the-fly" syntax checking information may be incorrect. [C:\Users\krush\Music\RISC_V_PIPELINED\RISC_V_PROCESSOR.srcs\sources_1\new\Instr_mem.v:]
WARNING: [filemgmt 56-199] Attempt to get parsing info during refresh. "On-the-fly" syntax checking information may be incorrect. [C:\Users\krush\Music\RISC_V_PIPELINED\RISC_V_PROCESSOR.srcs\sources_1\new\Instr_mem.v:]
WARNING: [filemgmt 56-199] Attempt to get parsing info during refresh. "On-the-fly" syntax checking information may be incorrect. [C:\Users\krush\Music\RISC_V_PIPELINED\RISC_V_PROCESSOR.srcs\sources_1\new\write_cycle.v:]
WARNING: [filemgmt 56-199] Attempt to get parsing info during refresh. "On-the-fly" syntax checking information may be incorrect. [C:\Users\krush\Music\RISC_V_PIPELINED\RISC_V_PROCESSOR.srcs\sim_1\new\tb_riscv.v:]
WARNING: [filemgmt 56-199] Attempt to get parsing info during refresh. "On-the-fly" syntax checking information may be incorrect. [C:\Users\krush\Music\RISC_V_PIPELINED\RISC_V_PROCESSOR.srcs\sources_1\new\decode_cycle.v:]
WARNING: [filemgmt 56-199] Attempt to get parsing info during refresh. "On-the-fly" syntax checking information may be incorrect. [C:\Users\krush\Music\RISC_V_PIPELINED\RISC_V_PROCESSOR.srcs\sources_1\new\Instr_mem.v:]
WARNING: [filemgmt 56-199] Attempt to get parsing info during refresh. "On-the-fly" syntax checking information may be incorrect. [C:\Users\krush\Music\RISC_V_PIPELINED\RISC_V_PROCESSOR.srcs\sources_1\new\hazard_unit.v:]
WARNING: [filemgmt 56-199] Attempt to get parsing info during refresh. "On-the-fly" syntax checking information may be incorrect. [C:\Users\krush\Music\RISC_V_PIPELINED\RISC_V_PROCESSOR.srcs\sources_1\new\decode_cycle.v:]
WARNING: [filemgmt 56-199] Attempt to get parsing info during refresh. "On-the-fly" syntax checking information may be incorrect. [C:\Users\krush\Music\RISC_V_PIPELINED\RISC_V_PROCESSOR.srcs\sources_1\new\decode_cycle.v:]
WARNING: [filemgmt 56-199] Attempt to get parsing info during refresh. "On-the-fly" syntax checking information may be incorrect. [C:\Users\krush\Music\RISC_V_PIPELINED\RISC_V_PROCESSOR.srcs\sources_1\new\write_cycle.v:]
WARNING: [filemgmt 56-199] Attempt to get parsing info during refresh. "On-the-fly" syntax checking information may be incorrect. [C:\Users\krush\Music\RISC_V_PIPELINED\RISC_V_PROCESSOR.srcs\sim_1\new\tb_riscv.v:]
WARNING: [filemgmt 56-199] Attempt to get parsing info during refresh. "On-the-fly" syntax checking information may be incorrect. [C:\Users\krush\Music\RISC_V_PIPELINED\RISC_V_PROCESSOR.srcs\sources_1\new\decode_cycle.v:]
WARNING: [filemgmt 56-199] Attempt to get parsing info during refresh. "On-the-fly" syntax checking information may be incorrect. [C:\Users\krush\Music\RISC_V_PIPELINED\RISC_V_PROCESSOR.srcs\sources_1\new\Instr_mem.v:]
WARNING: [filemgmt 56-199] Attempt to get parsing info during refresh. "On-the-fly" syntax checking information may be incorrect. [C:\Users\krush\Music\RISC_V_PIPELINED\RISC_V_PROCESSOR.srcs\sources_1\new\hazard_unit.v:]
WARNING: [filemgmt 56-199] Attempt to get parsing info during refresh. "On-the-fly" syntax checking information may be incorrect. [C:\Users\krush\Music\RISC_V_PIPELINED\RISC_V_PROCESSOR.srcs\sources_1\new\write_cycle.v:]
WARNING: [filemgmt 56-199] Attempt to get parsing info during refresh. "On-the-fly" syntax checking information may be incorrect. [C:\Users\krush\Music\RISC_V_PIPELINED\RISC_V_PROCESSOR.srcs\sources_1\new\write_cycle.v:]
launch_simulation
Command: launch_simulation 
INFO: [Vivado 12-12493] Simulation top is 'tb_riscv'
WARNING: [Vivado 12-13340] Unable to auto find GCC executables from simulator install path! (path not set)
INFO: [Vivado 12-5682] Launching behavioral simulation in 'C:/Users/krush/Music/RISC_V_PIPELINED/RISC_V_PROCESSOR.sim/sim_1/behav/xsim'
INFO: [SIM-utils-51] Simulation object is 'sim_1'
INFO: [SIM-utils-72] Using boost library from 'C:/Xilinx/Vivado/2024.2/tps/boost_1_72_0'
INFO: [SIM-utils-54] Inspecting design source files for 'tb_riscv' in fileset 'sim_1'...
INFO: [USF-XSim-97] Finding global include files...
INFO: [USF-XSim-98] Fetching design files from 'sim_1'...
INFO: [USF-XSim-2] XSim::Compile design
INFO: [USF-XSim-61] Executing 'COMPILE and ANALYZE' step in 'C:/Users/krush/Music/RISC_V_PIPELINED/RISC_V_PROCESSOR.sim/sim_1/behav/xsim'
"xvlog --incr --relax -prj tb_riscv_vlog.prj"
INFO: [VRFC 10-2263] Analyzing Verilog file "C:/Users/krush/Music/RISC_V_PIPELINED/RISC_V_PROCESSOR.srcs/sources_1/new/ALU.v" into library xil_defaultlib
INFO: [VRFC 10-311] analyzing module ALU
INFO: [VRFC 10-2263] Analyzing Verilog file "C:/Users/krush/Music/RISC_V_PIPELINED/RISC_V_PROCESSOR.srcs/sources_1/new/Control_unit.v" into library xil_defaultlib
INFO: [VRFC 10-311] analyzing module Control_unit
INFO: [VRFC 10-2263] Analyzing Verilog file "C:/Users/krush/Music/RISC_V_PIPELINED/RISC_V_PROCESSOR.srcs/sources_1/new/D_FF.v" into library xil_defaultlib
INFO: [VRFC 10-311] analyzing module D_FF
INFO: [VRFC 10-2263] Analyzing Verilog file "C:/Users/krush/Music/RISC_V_PIPELINED/RISC_V_PROCESSOR.srcs/sources_1/new/D_FF_enable.v" into library xil_defaultlib
INFO: [VRFC 10-311] analyzing module D_FF_enable
INFO: [VRFC 10-2263] Analyzing Verilog file "C:/Users/krush/Music/RISC_V_PIPELINED/RISC_V_PROCESSOR.srcs/sources_1/new/D_FF_enable_Flush.v" into library xil_defaultlib
INFO: [VRFC 10-311] analyzing module D_FF_enable_Flush
INFO: [VRFC 10-2263] Analyzing Verilog file "C:/Users/krush/Music/RISC_V_PIPELINED/RISC_V_PROCESSOR.srcs/sources_1/new/D_FF_flush.v" into library xil_defaultlib
INFO: [VRFC 10-311] analyzing module D_FF_flush
INFO: [VRFC 10-2263] Analyzing Verilog file "C:/Users/krush/Music/RISC_V_PIPELINED/RISC_V_PROCESSOR.srcs/sources_1/new/Data_mem.v" into library xil_defaultlib
INFO: [VRFC 10-311] analyzing module Data_mem
INFO: [VRFC 10-2263] Analyzing Verilog file "C:/Users/krush/Music/RISC_V_PIPELINED/RISC_V_PROCESSOR.srcs/sources_1/new/Imm_gen.v" into library xil_defaultlib
INFO: [VRFC 10-311] analyzing module Imm_gen
INFO: [VRFC 10-2263] Analyzing Verilog file "C:/Users/krush/Music/RISC_V_PIPELINED/RISC_V_PROCESSOR.srcs/sources_1/new/Instr_mem.v" into library xil_defaultlib
INFO: [VRFC 10-311] analyzing module Instr_mem
INFO: [VRFC 10-2263] Analyzing Verilog file "C:/Users/krush/Music/RISC_V_PIPELINED/RISC_V_PROCESSOR.srcs/sources_1/new/Register_file.v" into library xil_defaultlib
INFO: [VRFC 10-311] analyzing module Register_file
INFO: [VRFC 10-2263] Analyzing Verilog file "C:/Users/krush/Music/RISC_V_PIPELINED/RISC_V_PROCESSOR.srcs/sources_1/new/decode_cycle.v" into library xil_defaultlib
INFO: [VRFC 10-311] analyzing module decode_cycle
INFO: [VRFC 10-2263] Analyzing Verilog file "C:/Users/krush/Music/RISC_V_PIPELINED/RISC_V_PROCESSOR.srcs/sources_1/new/execute_cycle.v" into library xil_defaultlib
INFO: [VRFC 10-311] analyzing module execute_cycle
INFO: [VRFC 10-2263] Analyzing Verilog file "C:/Users/krush/Music/RISC_V_PIPELINED/RISC_V_PROCESSOR.srcs/sources_1/new/fetch_cycle.v" into library xil_defaultlib
INFO: [VRFC 10-311] analyzing module fetch_cycle
INFO: [VRFC 10-2263] Analyzing Verilog file "C:/Users/krush/Music/RISC_V_PIPELINED/RISC_V_PROCESSOR.srcs/sources_1/new/hazard_unit.v" into library xil_defaultlib
INFO: [VRFC 10-311] analyzing module hazard_unit
INFO: [VRFC 10-2263] Analyzing Verilog file "C:/Users/krush/Music/RISC_V_PIPELINED/RISC_V_PROCESSOR.srcs/sources_1/new/load_unit.v" into library xil_defaultlib
INFO: [VRFC 10-311] analyzing module load_unit
INFO: [VRFC 10-2263] Analyzing Verilog file "C:/Users/krush/Music/RISC_V_PIPELINED/RISC_V_PROCESSOR.srcs/sources_1/new/memory_cycle.v" into library xil_defaultlib
INFO: [VRFC 10-311] analyzing module memory_cycle
INFO: [VRFC 10-2263] Analyzing Verilog file "C:/Users/krush/Music/RISC_V_PIPELINED/RISC_V_PROCESSOR.srcs/sources_1/new/store_unit.v" into library xil_defaultlib
INFO: [VRFC 10-311] analyzing module store_unit
INFO: [VRFC 10-2263] Analyzing Verilog file "C:/Users/krush/Music/RISC_V_PIPELINED/RISC_V_PROCESSOR.srcs/sources_1/new/top.v" into library xil_defaultlib
INFO: [VRFC 10-311] analyzing module top
INFO: [VRFC 10-2263] Analyzing Verilog file "C:/Users/krush/Music/RISC_V_PIPELINED/RISC_V_PROCESSOR.srcs/sources_1/new/write_cycle.v" into library xil_defaultlib
INFO: [VRFC 10-311] analyzing module write_cycle
INFO: [VRFC 10-2263] Analyzing Verilog file "C:/Users/krush/Music/RISC_V_PIPELINED/RISC_V_PROCESSOR.srcs/sim_1/new/tb_riscv.v" into library xil_defaultlib
INFO: [VRFC 10-311] analyzing module tb_riscv
INFO: [USF-XSim-69] 'compile' step finished in '3' seconds
INFO: [USF-XSim-3] XSim::Elaborate design
INFO: [USF-XSim-61] Executing 'ELABORATE' step in 'C:/Users/krush/Music/RISC_V_PIPELINED/RISC_V_PROCESSOR.sim/sim_1/behav/xsim'
"xelab --incr --debug typical --relax --mt 2 -L xil_defaultlib -L unisims_ver -L unimacro_ver -L secureip --snapshot tb_riscv_behav xil_defaultlib.tb_riscv xil_defaultlib.glbl -log elaborate.log"
Vivado Simulator v2024.2.0
Copyright 1986-2022 Xilinx, Inc. All Rights Reserved.
Copyright 2022-2024 Advanced Micro Devices, Inc. All Rights Reserved.
Running: C:/Xilinx/Vivado/2024.2/bin/unwrapped/win64.o/xelab.exe --incr --debug typical --relax --mt 2 -L xil_defaultlib -L unisims_ver -L unimacro_ver -L secureip --snapshot tb_riscv_behav xil_defaultlib.tb_riscv xil_defaultlib.glbl -log elaborate.log 
Using 2 slave threads.
Starting static elaboration
Pass Through NonSizing Optimizer
Completed static elaboration
Starting simulation data flow analysis
Completed simulation data flow analysis
Time Resolution for simulation is 1ps
Compiling module xil_defaultlib.D_FF_enable
Compiling module xil_defaultlib.Instr_mem
Compiling module xil_defaultlib.D_FF_enable_Flush
Compiling module xil_defaultlib.fetch_cycle
Compiling module xil_defaultlib.Control_unit
Compiling module xil_defaultlib.Imm_gen
Compiling module xil_defaultlib.Register_file
Compiling module xil_defaultlib.D_FF_flush
Compiling module xil_defaultlib.D_FF_flush(WIDTH=1)
Compiling module xil_defaultlib.D_FF_flush(WIDTH=2)
Compiling module xil_defaultlib.D_FF_flush(WIDTH=4)
Compiling module xil_defaultlib.D_FF_flush(WIDTH=3)
Compiling module xil_defaultlib.D_FF_flush(WIDTH=5)
Compiling module xil_defaultlib.decode_cycle
Compiling module xil_defaultlib.ALU
Compiling module xil_defaultlib.D_FF(WIDTH=1)
Compiling module xil_defaultlib.D_FF(WIDTH=3)
Compiling module xil_defaultlib.D_FF(WIDTH=2)
Compiling module xil_defaultlib.D_FF
Compiling module xil_defaultlib.D_FF(WIDTH=5)
Compiling module xil_defaultlib.execute_cycle
Compiling module xil_defaultlib.store_unit
Compiling module xil_defaultlib.Data_mem
Compiling module xil_defaultlib.memory_cycle
Compiling module xil_defaultlib.load_unit
Compiling module xil_defaultlib.write_cycle
Compiling module xil_defaultlib.hazard_unit
Compiling module xil_defaultlib.top
Compiling module xil_defaultlib.tb_riscv
Compiling module xil_defaultlib.glbl
Built simulation snapshot tb_riscv_behav
run_program: Time (s): cpu = 00:00:01 ; elapsed = 00:00:06 . Memory (MB): peak = 2335.445 ; gain = 0.000
INFO: [USF-XSim-69] 'elaborate' step finished in '6' seconds
INFO: [USF-XSim-4] XSim::Simulate design
INFO: [USF-XSim-61] Executing 'SIMULATE' step in 'C:/Users/krush/Music/RISC_V_PIPELINED/RISC_V_PROCESSOR.sim/sim_1/behav/xsim'
INFO: [USF-XSim-98] *** Running xsim
   with args "tb_riscv_behav -key {Behavioral:sim_1:Functional:tb_riscv} -tclbatch {tb_riscv.tcl} -log {simulate.log}"
INFO: [USF-XSim-8] Loading simulator feature
Time resolution is 1 ps
source tb_riscv.tcl
# set curr_wave [current_wave_config]
# if { [string length $curr_wave] == 0 } {
#   if { [llength [get_objects]] > 0} {
#     add_wave /
#     set_property needs_save false [current_wave_config]
#   } else {
#      send_msg_id Add_Wave-1 WARNING "No top level signals found. Simulator will start without a wave window. If you want to open a wave window go to 'File->New Waveform Configuration' or type 'create_wave_config' in the TCL console."
#   }
# }
# run 1000ns
Loading instruction memory from rv32i_test.hex
Result = 4294967293
1. addi implementation is correct for x0 
2. addi implementation is correct 
3. slli implementation is correct 
4. slti implementation is correct 
5. sltiu implementation is correct 
6. xori implementation is correct 
7. srli implementation is correct 
8. srai implementation is correct 
9. ori implementation is correct 
10. andi implementation is correct
11. add implementation is correct 
12. sub implementation is correct 
13. sll implementation is correct 
14. slt implementation is correct 
15. sltu implementation is correct 
16. xor implementation is correct 
17. srl implementation is correct 
18. sra implementation is correct 
19. or implementation is correct 
20. and implementation is correct 
21. lui implementation is correct 
23. sb implementation is correct
22. auipc implementation is correct 
24. sh implementation is correct
25. sw implementation is correct
26. lb implementation is correct
27. lh implementation is correct
28. lw implementation is correct
29. lbu implementation is correct
30. lhu implementation is correct
31. blt is executing
31. blt is executing
31. blt is executing
31. blt is executing
31. blt is executing
31. blt is executing
31. blt is executing
31. blt is executing
31. blt is executing
31. blt is executing
31. blt implementation is correct 
32. bge is executing
32. bge is executing
INFO: [USF-XSim-96] XSim completed. Design snapshot 'tb_riscv_behav' loaded.
INFO: [USF-XSim-97] XSim simulation ran for 1000ns
launch_simulation: Time (s): cpu = 00:00:04 ; elapsed = 00:00:13 . Memory (MB): peak = 2335.445 ; gain = 0.000
run all
32. bge is executing
32. bge is executing
32. bge is executing
32. bge is executing
32. bge is executing
32. bge is executing
32. bge is executing
32. bge is executing
32. bge is executing
32. bge implementation is correct
33. bltu is executing
33. bltu is executing
33. bltu is executing
33. bltu is executing
33. bltu implementation is correct 
34. bgeu is executing
34. bgeu is executing
34. bgeu is executing
34. bgeu is executing
34. bgeu is executing
34. bgeu implementation is correct 
35. bne is executing
35. bne is executing
35. bne is executing
35. bne is executing
35. bne is executing
35. bne implementation is correct 
36. beq is executing
36. beq is executing
36. beq implementation is incorrect
37. jalr implementation is correct 
38. jal implementation is correct 
38. jal implementation is correct 
38. jal implementation is correct 
38. jal implementation is correct 
38. jal implementation is correct 
38. jal implementation is correct 
38. jal implementation is correct 
38. jal implementation is correct 
38. jal implementation is correct 
38. jal implementation is correct 
38. jal implementation is correct 
38. jal implementation is correct 
38. jal implementation is correct 
38. jal implementation is correct 
38. jal implementation is correct 
38. jal implementation is correct 
38. jal implementation is correct 
38. jal implementation is correct 
38. jal implementation is correct 
38. jal implementation is correct 
38. jal implementation is correct 
38. jal implementation is correct 
38. jal implementation is correct 
38. jal implementation is correct 
38. jal implementation is correct 
38. jal implementation is correct 
38. jal implementation is correct 
38. jal implementation is correct 
38. jal implementation is correct 
38. jal implementation is correct 
38. jal implementation is correct 
38. jal implementation is correct 
38. jal implementation is correct 
Faulty Instructions =>           1
Error(s) encountered, please check your design!
$stop called at time : 3365 ns : File "C:/Users/krush/Music/RISC_V_PIPELINED/RISC_V_PROCESSOR.srcs/sim_1/new/tb_riscv.v" Line 570
WARNING: [filemgmt 56-199] Attempt to get parsing info during refresh. "On-the-fly" syntax checking information may be incorrect. [C:\Users\krush\Music\RISC_V_PIPELINED\RISC_V_PROCESSOR.srcs\sources_1\new\write_cycle.v:]
WARNING: [filemgmt 56-199] Attempt to get parsing info during refresh. "On-the-fly" syntax checking information may be incorrect. [C:\Users\krush\Music\RISC_V_PIPELINED\RISC_V_PROCESSOR.srcs\sim_1\new\tb_riscv.v:]
WARNING: [filemgmt 56-199] Attempt to get parsing info during refresh. "On-the-fly" syntax checking information may be incorrect. [C:\Users\krush\Music\RISC_V_PIPELINED\RISC_V_PROCESSOR.srcs\sources_1\new\decode_cycle.v:]
WARNING: [filemgmt 56-199] Attempt to get parsing info during refresh. "On-the-fly" syntax checking information may be incorrect. [C:\Users\krush\Music\RISC_V_PIPELINED\RISC_V_PROCESSOR.srcs\sources_1\new\Instr_mem.v:]
WARNING: [filemgmt 56-199] Attempt to get parsing info during refresh. "On-the-fly" syntax checking information may be incorrect. [C:\Users\krush\Music\RISC_V_PIPELINED\RISC_V_PROCESSOR.srcs\sources_1\new\hazard_unit.v:]
WARNING: [filemgmt 56-199] Attempt to get parsing info during refresh. "On-the-fly" syntax checking information may be incorrect. [C:\Users\krush\Music\RISC_V_PIPELINED\RISC_V_PROCESSOR.srcs\sources_1\new\Instr_mem.v:]
WARNING: [filemgmt 56-199] Attempt to get parsing info during refresh. "On-the-fly" syntax checking information may be incorrect. [C:\Users\krush\Music\RISC_V_PIPELINED\RISC_V_PROCESSOR.srcs\sources_1\new\Instr_mem.v:]
WARNING: [filemgmt 56-199] Attempt to get parsing info during refresh. "On-the-fly" syntax checking information may be incorrect. [C:\Users\krush\Music\RISC_V_PIPELINED\RISC_V_PROCESSOR.srcs\sources_1\new\write_cycle.v:]
WARNING: [filemgmt 56-199] Attempt to get parsing info during refresh. "On-the-fly" syntax checking information may be incorrect. [C:\Users\krush\Music\RISC_V_PIPELINED\RISC_V_PROCESSOR.srcs\sim_1\new\tb_riscv.v:]
WARNING: [filemgmt 56-199] Attempt to get parsing info during refresh. "On-the-fly" syntax checking information may be incorrect. [C:\Users\krush\Music\RISC_V_PIPELINED\RISC_V_PROCESSOR.srcs\sources_1\new\decode_cycle.v:]
WARNING: [filemgmt 56-199] Attempt to get parsing info during refresh. "On-the-fly" syntax checking information may be incorrect. [C:\Users\krush\Music\RISC_V_PIPELINED\RISC_V_PROCESSOR.srcs\sources_1\new\Instr_mem.v:]
WARNING: [filemgmt 56-199] Attempt to get parsing info during refresh. "On-the-fly" syntax checking information may be incorrect. [C:\Users\krush\Music\RISC_V_PIPELINED\RISC_V_PROCESSOR.srcs\sources_1\new\hazard_unit.v:]
WARNING: [filemgmt 56-199] Attempt to get parsing info during refresh. "On-the-fly" syntax checking information may be incorrect. [C:\Users\krush\Music\RISC_V_PIPELINED\RISC_V_PROCESSOR.srcs\sources_1\new\write_cycle.v:]
WARNING: [filemgmt 56-199] Attempt to get parsing info during refresh. "On-the-fly" syntax checking information may be incorrect. [C:\Users\krush\Music\RISC_V_PIPELINED\RISC_V_PROCESSOR.srcs\sources_1\new\write_cycle.v:]
WARNING: [filemgmt 56-199] Attempt to get parsing info during refresh. "On-the-fly" syntax checking information may be incorrect. [C:\Users\krush\Music\RISC_V_PIPELINED\RISC_V_PROCESSOR.srcs\sources_1\new\write_cycle.v:]
WARNING: [filemgmt 56-199] Attempt to get parsing info during refresh. "On-the-fly" syntax checking information may be incorrect. [C:\Users\krush\Music\RISC_V_PIPELINED\RISC_V_PROCESSOR.srcs\sim_1\new\tb_riscv.v:]
WARNING: [filemgmt 56-199] Attempt to get parsing info during refresh. "On-the-fly" syntax checking information may be incorrect. [C:\Users\krush\Music\RISC_V_PIPELINED\RISC_V_PROCESSOR.srcs\sources_1\new\decode_cycle.v:]
WARNING: [filemgmt 56-199] Attempt to get parsing info during refresh. "On-the-fly" syntax checking information may be incorrect. [C:\Users\krush\Music\RISC_V_PIPELINED\RISC_V_PROCESSOR.srcs\sources_1\new\Instr_mem.v:]
WARNING: [filemgmt 56-199] Attempt to get parsing info during refresh. "On-the-fly" syntax checking information may be incorrect. [C:\Users\krush\Music\RISC_V_PIPELINED\RISC_V_PROCESSOR.srcs\sources_1\new\hazard_unit.v:]
WARNING: [filemgmt 56-199] Attempt to get parsing info during refresh. "On-the-fly" syntax checking information may be incorrect. [C:\Users\krush\Music\RISC_V_PIPELINED\RISC_V_PROCESSOR.srcs\sources_1\new\hazard_unit.v:]
WARNING: [filemgmt 56-199] Attempt to get parsing info during refresh. "On-the-fly" syntax checking information may be incorrect. [C:\Users\krush\Music\RISC_V_PIPELINED\RISC_V_PROCESSOR.srcs\sources_1\new\hazard_unit.v:]
ERROR: [Common 17-180] Spawn failed: No error
WARNING: [filemgmt 56-199] Attempt to get parsing info during refresh. "On-the-fly" syntax checking information may be incorrect. [C:\Users\krush\Music\RISC_V_PIPELINED\RISC_V_PROCESSOR.srcs\sources_1\new\write_cycle.v:]
WARNING: [filemgmt 56-199] Attempt to get parsing info during refresh. "On-the-fly" syntax checking information may be incorrect. [C:\Users\krush\Music\RISC_V_PIPELINED\RISC_V_PROCESSOR.srcs\sim_1\new\tb_riscv.v:]
WARNING: [filemgmt 56-199] Attempt to get parsing info during refresh. "On-the-fly" syntax checking information may be incorrect. [C:\Users\krush\Music\RISC_V_PIPELINED\RISC_V_PROCESSOR.srcs\sources_1\new\decode_cycle.v:]
WARNING: [filemgmt 56-199] Attempt to get parsing info during refresh. "On-the-fly" syntax checking information may be incorrect. [C:\Users\krush\Music\RISC_V_PIPELINED\RISC_V_PROCESSOR.srcs\sources_1\new\Instr_mem.v:]
WARNING: [filemgmt 56-199] Attempt to get parsing info during refresh. "On-the-fly" syntax checking information may be incorrect. [C:\Users\krush\Music\RISC_V_PIPELINED\RISC_V_PROCESSOR.srcs\sources_1\new\hazard_unit.v:]
WARNING: [filemgmt 56-199] Attempt to get parsing info during refresh. "On-the-fly" syntax checking information may be incorrect. [C:\Users\krush\Music\RISC_V_PIPELINED\RISC_V_PROCESSOR.srcs\sim_1\new\tb_riscv.v:]
WARNING: [filemgmt 56-199] Attempt to get parsing info during refresh. "On-the-fly" syntax checking information may be incorrect. [C:\Users\krush\Music\RISC_V_PIPELINED\RISC_V_PROCESSOR.srcs\sim_1\new\tb_riscv.v:]
ERROR: [Common 17-180] Spawn failed: No error
close_sim
INFO: [Simtcl 6-16] Simulation closed
WARNING: [filemgmt 56-199] Attempt to get parsing info during refresh. "On-the-fly" syntax checking information may be incorrect. [C:\Users\krush\Music\RISC_V_PIPELINED\RISC_V_PROCESSOR.srcs\sources_1\new\write_cycle.v:]
WARNING: [filemgmt 56-199] Attempt to get parsing info during refresh. "On-the-fly" syntax checking information may be incorrect. [C:\Users\krush\Music\RISC_V_PIPELINED\RISC_V_PROCESSOR.srcs\sim_1\new\tb_riscv.v:]
WARNING: [filemgmt 56-199] Attempt to get parsing info during refresh. "On-the-fly" syntax checking information may be incorrect. [C:\Users\krush\Music\RISC_V_PIPELINED\RISC_V_PROCESSOR.srcs\sources_1\new\decode_cycle.v:]
WARNING: [filemgmt 56-199] Attempt to get parsing info during refresh. "On-the-fly" syntax checking information may be incorrect. [C:\Users\krush\Music\RISC_V_PIPELINED\RISC_V_PROCESSOR.srcs\sources_1\new\Instr_mem.v:]
WARNING: [filemgmt 56-199] Attempt to get parsing info during refresh. "On-the-fly" syntax checking information may be incorrect. [C:\Users\krush\Music\RISC_V_PIPELINED\RISC_V_PROCESSOR.srcs\sources_1\new\hazard_unit.v:]
WARNING: [filemgmt 56-199] Attempt to get parsing info during refresh. "On-the-fly" syntax checking information may be incorrect. [C:\Users\krush\Music\RISC_V_PIPELINED\RISC_V_PROCESSOR.srcs\sources_1\new\Instr_mem.v:]
WARNING: [filemgmt 56-199] Attempt to get parsing info during refresh. "On-the-fly" syntax checking information may be incorrect. [C:\Users\krush\Music\RISC_V_PIPELINED\RISC_V_PROCESSOR.srcs\sources_1\new\Instr_mem.v:]
WARNING: [filemgmt 56-199] Attempt to get parsing info during refresh. "On-the-fly" syntax checking information may be incorrect. [C:\Users\krush\Music\RISC_V_PIPELINED\RISC_V_PROCESSOR.srcs\sources_1\new\write_cycle.v:]
WARNING: [filemgmt 56-199] Attempt to get parsing info during refresh. "On-the-fly" syntax checking information may be incorrect. [C:\Users\krush\Music\RISC_V_PIPELINED\RISC_V_PROCESSOR.srcs\sim_1\new\tb_riscv.v:]
WARNING: [filemgmt 56-199] Attempt to get parsing info during refresh. "On-the-fly" syntax checking information may be incorrect. [C:\Users\krush\Music\RISC_V_PIPELINED\RISC_V_PROCESSOR.srcs\sources_1\new\decode_cycle.v:]
WARNING: [filemgmt 56-199] Attempt to get parsing info during refresh. "On-the-fly" syntax checking information may be incorrect. [C:\Users\krush\Music\RISC_V_PIPELINED\RISC_V_PROCESSOR.srcs\sources_1\new\Instr_mem.v:]
WARNING: [filemgmt 56-199] Attempt to get parsing info during refresh. "On-the-fly" syntax checking information may be incorrect. [C:\Users\krush\Music\RISC_V_PIPELINED\RISC_V_PROCESSOR.srcs\sources_1\new\hazard_unit.v:]
WARNING: [filemgmt 56-199] Attempt to get parsing info during refresh. "On-the-fly" syntax checking information may be incorrect. [C:\Users\krush\Music\RISC_V_PIPELINED\RISC_V_PROCESSOR.srcs\sources_1\new\write_cycle.v:]
WARNING: [filemgmt 56-199] Attempt to get parsing info during refresh. "On-the-fly" syntax checking information may be incorrect. [C:\Users\krush\Music\RISC_V_PIPELINED\RISC_V_PROCESSOR.srcs\sources_1\new\write_cycle.v:]
WARNING: [filemgmt 56-199] Attempt to get parsing info during refresh. "On-the-fly" syntax checking information may be incorrect. [C:\Users\krush\Music\RISC_V_PIPELINED\RISC_V_PROCESSOR.srcs\sources_1\new\write_cycle.v:]
WARNING: [filemgmt 56-199] Attempt to get parsing info during refresh. "On-the-fly" syntax checking information may be incorrect. [C:\Users\krush\Music\RISC_V_PIPELINED\RISC_V_PROCESSOR.srcs\sim_1\new\tb_riscv.v:]
WARNING: [filemgmt 56-199] Attempt to get parsing info during refresh. "On-the-fly" syntax checking information may be incorrect. [C:\Users\krush\Music\RISC_V_PIPELINED\RISC_V_PROCESSOR.srcs\sources_1\new\decode_cycle.v:]
WARNING: [filemgmt 56-199] Attempt to get parsing info during refresh. "On-the-fly" syntax checking information may be incorrect. [C:\Users\krush\Music\RISC_V_PIPELINED\RISC_V_PROCESSOR.srcs\sources_1\new\Instr_mem.v:]
WARNING: [filemgmt 56-199] Attempt to get parsing info during refresh. "On-the-fly" syntax checking information may be incorrect. [C:\Users\krush\Music\RISC_V_PIPELINED\RISC_V_PROCESSOR.srcs\sources_1\new\hazard_unit.v:]
WARNING: [filemgmt 56-199] Attempt to get parsing info during refresh. "On-the-fly" syntax checking information may be incorrect. [C:\Users\krush\Music\RISC_V_PIPELINED\RISC_V_PROCESSOR.srcs\sources_1\new\hazard_unit.v:]
WARNING: [filemgmt 56-199] Attempt to get parsing info during refresh. "On-the-fly" syntax checking information may be incorrect. [C:\Users\krush\Music\RISC_V_PIPELINED\RISC_V_PROCESSOR.srcs\sources_1\new\hazard_unit.v:]
ERROR: [Common 17-180] Spawn failed: No error
WARNING: [filemgmt 56-199] Attempt to get parsing info during refresh. "On-the-fly" syntax checking information may be incorrect. [C:\Users\krush\Music\RISC_V_PIPELINED\RISC_V_PROCESSOR.srcs\sources_1\new\write_cycle.v:]
WARNING: [filemgmt 56-199] Attempt to get parsing info during refresh. "On-the-fly" syntax checking information may be incorrect. [C:\Users\krush\Music\RISC_V_PIPELINED\RISC_V_PROCESSOR.srcs\sim_1\new\tb_riscv.v:]
WARNING: [filemgmt 56-199] Attempt to get parsing info during refresh. "On-the-fly" syntax checking information may be incorrect. [C:\Users\krush\Music\RISC_V_PIPELINED\RISC_V_PROCESSOR.srcs\sources_1\new\decode_cycle.v:]
WARNING: [filemgmt 56-199] Attempt to get parsing info during refresh. "On-the-fly" syntax checking information may be incorrect. [C:\Users\krush\Music\RISC_V_PIPELINED\RISC_V_PROCESSOR.srcs\sources_1\new\Instr_mem.v:]
WARNING: [filemgmt 56-199] Attempt to get parsing info during refresh. "On-the-fly" syntax checking information may be incorrect. [C:\Users\krush\Music\RISC_V_PIPELINED\RISC_V_PROCESSOR.srcs\sources_1\new\hazard_unit.v:]
WARNING: [filemgmt 56-199] Attempt to get parsing info during refresh. "On-the-fly" syntax checking information may be incorrect. [C:\Users\krush\Music\RISC_V_PIPELINED\RISC_V_PROCESSOR.srcs\sim_1\new\tb_riscv.v:]
WARNING: [filemgmt 56-199] Attempt to get parsing info during refresh. "On-the-fly" syntax checking information may be incorrect. [C:\Users\krush\Music\RISC_V_PIPELINED\RISC_V_PROCESSOR.srcs\sim_1\new\tb_riscv.v:]
ERROR: [Common 17-180] Spawn failed: No error
WARNING: [filemgmt 56-199] Attempt to get parsing info during refresh. "On-the-fly" syntax checking information may be incorrect. [C:\Users\krush\Music\RISC_V_PIPELINED\RISC_V_PROCESSOR.srcs\sources_1\new\write_cycle.v:]
WARNING: [filemgmt 56-199] Attempt to get parsing info during refresh. "On-the-fly" syntax checking information may be incorrect. [C:\Users\krush\Music\RISC_V_PIPELINED\RISC_V_PROCESSOR.srcs\sim_1\new\tb_riscv.v:]
WARNING: [filemgmt 56-199] Attempt to get parsing info during refresh. "On-the-fly" syntax checking information may be incorrect. [C:\Users\krush\Music\RISC_V_PIPELINED\RISC_V_PROCESSOR.srcs\sources_1\new\decode_cycle.v:]
WARNING: [filemgmt 56-199] Attempt to get parsing info during refresh. "On-the-fly" syntax checking information may be incorrect. [C:\Users\krush\Music\RISC_V_PIPELINED\RISC_V_PROCESSOR.srcs\sources_1\new\Instr_mem.v:]
WARNING: [filemgmt 56-199] Attempt to get parsing info during refresh. "On-the-fly" syntax checking information may be incorrect. [C:\Users\krush\Music\RISC_V_PIPELINED\RISC_V_PROCESSOR.srcs\sources_1\new\hazard_unit.v:]
WARNING: [filemgmt 56-199] Attempt to get parsing info during refresh. "On-the-fly" syntax checking information may be incorrect. [C:\Users\krush\Music\RISC_V_PIPELINED\RISC_V_PROCESSOR.srcs\sources_1\new\Instr_mem.v:]
WARNING: [filemgmt 56-199] Attempt to get parsing info during refresh. "On-the-fly" syntax checking information may be incorrect. [C:\Users\krush\Music\RISC_V_PIPELINED\RISC_V_PROCESSOR.srcs\sources_1\new\Instr_mem.v:]
WARNING: [filemgmt 56-199] Attempt to get parsing info during refresh. "On-the-fly" syntax checking information may be incorrect. [C:\Users\krush\Music\RISC_V_PIPELINED\RISC_V_PROCESSOR.srcs\sources_1\new\write_cycle.v:]
WARNING: [filemgmt 56-199] Attempt to get parsing info during refresh. "On-the-fly" syntax checking information may be incorrect. [C:\Users\krush\Music\RISC_V_PIPELINED\RISC_V_PROCESSOR.srcs\sim_1\new\tb_riscv.v:]
WARNING: [filemgmt 56-199] Attempt to get parsing info during refresh. "On-the-fly" syntax checking information may be incorrect. [C:\Users\krush\Music\RISC_V_PIPELINED\RISC_V_PROCESSOR.srcs\sources_1\new\decode_cycle.v:]
WARNING: [filemgmt 56-199] Attempt to get parsing info during refresh. "On-the-fly" syntax checking information may be incorrect. [C:\Users\krush\Music\RISC_V_PIPELINED\RISC_V_PROCESSOR.srcs\sources_1\new\Instr_mem.v:]
WARNING: [filemgmt 56-199] Attempt to get parsing info during refresh. "On-the-fly" syntax checking information may be incorrect. [C:\Users\krush\Music\RISC_V_PIPELINED\RISC_V_PROCESSOR.srcs\sources_1\new\hazard_unit.v:]
WARNING: [filemgmt 56-199] Attempt to get parsing info during refresh. "On-the-fly" syntax checking information may be incorrect. [C:\Users\krush\Music\RISC_V_PIPELINED\RISC_V_PROCESSOR.srcs\sources_1\new\write_cycle.v:]
WARNING: [filemgmt 56-199] Attempt to get parsing info during refresh. "On-the-fly" syntax checking information may be incorrect. [C:\Users\krush\Music\RISC_V_PIPELINED\RISC_V_PROCESSOR.srcs\sources_1\new\write_cycle.v:]
WARNING: [filemgmt 56-199] Attempt to get parsing info during refresh. "On-the-fly" syntax checking information may be incorrect. [C:\Users\krush\Music\RISC_V_PIPELINED\RISC_V_PROCESSOR.srcs\sources_1\new\write_cycle.v:]
WARNING: [filemgmt 56-199] Attempt to get parsing info during refresh. "On-the-fly" syntax checking information may be incorrect. [C:\Users\krush\Music\RISC_V_PIPELINED\RISC_V_PROCESSOR.srcs\sim_1\new\tb_riscv.v:]
WARNING: [filemgmt 56-199] Attempt to get parsing info during refresh. "On-the-fly" syntax checking information may be incorrect. [C:\Users\krush\Music\RISC_V_PIPELINED\RISC_V_PROCESSOR.srcs\sources_1\new\decode_cycle.v:]
WARNING: [filemgmt 56-199] Attempt to get parsing info during refresh. "On-the-fly" syntax checking information may be incorrect. [C:\Users\krush\Music\RISC_V_PIPELINED\RISC_V_PROCESSOR.srcs\sources_1\new\Instr_mem.v:]
WARNING: [filemgmt 56-199] Attempt to get parsing info during refresh. "On-the-fly" syntax checking information may be incorrect. [C:\Users\krush\Music\RISC_V_PIPELINED\RISC_V_PROCESSOR.srcs\sources_1\new\hazard_unit.v:]
WARNING: [filemgmt 56-199] Attempt to get parsing info during refresh. "On-the-fly" syntax checking information may be incorrect. [C:\Users\krush\Music\RISC_V_PIPELINED\RISC_V_PROCESSOR.srcs\sources_1\new\decode_cycle.v:]
WARNING: [filemgmt 56-199] Attempt to get parsing info during refresh. "On-the-fly" syntax checking information may be incorrect. [C:\Users\krush\Music\RISC_V_PIPELINED\RISC_V_PROCESSOR.srcs\sources_1\new\decode_cycle.v:]
ERROR: [Common 17-180] Spawn failed: No error
ERROR: [Common 17-180] Spawn failed: No error
WARNING: [filemgmt 56-199] Attempt to get parsing info during refresh. "On-the-fly" syntax checking information may be incorrect. [C:\Users\krush\Music\RISC_V_PIPELINED\RISC_V_PROCESSOR.srcs\sources_1\new\write_cycle.v:]
WARNING: [filemgmt 56-199] Attempt to get parsing info during refresh. "On-the-fly" syntax checking information may be incorrect. [C:\Users\krush\Music\RISC_V_PIPELINED\RISC_V_PROCESSOR.srcs\sim_1\new\tb_riscv.v:]
WARNING: [filemgmt 56-199] Attempt to get parsing info during refresh. "On-the-fly" syntax checking information may be incorrect. [C:\Users\krush\Music\RISC_V_PIPELINED\RISC_V_PROCESSOR.srcs\sources_1\new\decode_cycle.v:]
WARNING: [filemgmt 56-199] Attempt to get parsing info during refresh. "On-the-fly" syntax checking information may be incorrect. [C:\Users\krush\Music\RISC_V_PIPELINED\RISC_V_PROCESSOR.srcs\sources_1\new\Instr_mem.v:]
WARNING: [filemgmt 56-199] Attempt to get parsing info during refresh. "On-the-fly" syntax checking information may be incorrect. [C:\Users\krush\Music\RISC_V_PIPELINED\RISC_V_PROCESSOR.srcs\sources_1\new\hazard_unit.v:]
WARNING: [filemgmt 56-199] Attempt to get parsing info during refresh. "On-the-fly" syntax checking information may be incorrect. [C:\Users\krush\Music\RISC_V_PIPELINED\RISC_V_PROCESSOR.srcs\sources_1\new\Instr_mem.v:]
WARNING: [filemgmt 56-199] Attempt to get parsing info during refresh. "On-the-fly" syntax checking information may be incorrect. [C:\Users\krush\Music\RISC_V_PIPELINED\RISC_V_PROCESSOR.srcs\sources_1\new\Instr_mem.v:]
WARNING: [filemgmt 56-199] Attempt to get parsing info during refresh. "On-the-fly" syntax checking information may be incorrect. [C:\Users\krush\Music\RISC_V_PIPELINED\RISC_V_PROCESSOR.srcs\sources_1\new\write_cycle.v:]
WARNING: [filemgmt 56-199] Attempt to get parsing info during refresh. "On-the-fly" syntax checking information may be incorrect. [C:\Users\krush\Music\RISC_V_PIPELINED\RISC_V_PROCESSOR.srcs\sim_1\new\tb_riscv.v:]
WARNING: [filemgmt 56-199] Attempt to get parsing info during refresh. "On-the-fly" syntax checking information may be incorrect. [C:\Users\krush\Music\RISC_V_PIPELINED\RISC_V_PROCESSOR.srcs\sources_1\new\decode_cycle.v:]
WARNING: [filemgmt 56-199] Attempt to get parsing info during refresh. "On-the-fly" syntax checking information may be incorrect. [C:\Users\krush\Music\RISC_V_PIPELINED\RISC_V_PROCESSOR.srcs\sources_1\new\Instr_mem.v:]
WARNING: [filemgmt 56-199] Attempt to get parsing info during refresh. "On-the-fly" syntax checking information may be incorrect. [C:\Users\krush\Music\RISC_V_PIPELINED\RISC_V_PROCESSOR.srcs\sources_1\new\hazard_unit.v:]
WARNING: [filemgmt 56-199] Attempt to get parsing info during refresh. "On-the-fly" syntax checking information may be incorrect. [C:\Users\krush\Music\RISC_V_PIPELINED\RISC_V_PROCESSOR.srcs\sources_1\new\write_cycle.v:]
WARNING: [filemgmt 56-199] Attempt to get parsing info during refresh. "On-the-fly" syntax checking information may be incorrect. [C:\Users\krush\Music\RISC_V_PIPELINED\RISC_V_PROCESSOR.srcs\sources_1\new\write_cycle.v:]
WARNING: [filemgmt 56-199] Attempt to get parsing info during refresh. "On-the-fly" syntax checking information may be incorrect. [C:\Users\krush\Music\RISC_V_PIPELINED\RISC_V_PROCESSOR.srcs\sources_1\new\write_cycle.v:]
WARNING: [filemgmt 56-199] Attempt to get parsing info during refresh. "On-the-fly" syntax checking information may be incorrect. [C:\Users\krush\Music\RISC_V_PIPELINED\RISC_V_PROCESSOR.srcs\sim_1\new\tb_riscv.v:]
WARNING: [filemgmt 56-199] Attempt to get parsing info during refresh. "On-the-fly" syntax checking information may be incorrect. [C:\Users\krush\Music\RISC_V_PIPELINED\RISC_V_PROCESSOR.srcs\sources_1\new\decode_cycle.v:]
WARNING: [filemgmt 56-199] Attempt to get parsing info during refresh. "On-the-fly" syntax checking information may be incorrect. [C:\Users\krush\Music\RISC_V_PIPELINED\RISC_V_PROCESSOR.srcs\sources_1\new\Instr_mem.v:]
WARNING: [filemgmt 56-199] Attempt to get parsing info during refresh. "On-the-fly" syntax checking information may be incorrect. [C:\Users\krush\Music\RISC_V_PIPELINED\RISC_V_PROCESSOR.srcs\sources_1\new\hazard_unit.v:]
WARNING: [filemgmt 56-199] Attempt to get parsing info during refresh. "On-the-fly" syntax checking information may be incorrect. [C:\Users\krush\Music\RISC_V_PIPELINED\RISC_V_PROCESSOR.srcs\sim_1\new\tb_riscv.v:]
WARNING: [filemgmt 56-199] Attempt to get parsing info during refresh. "On-the-fly" syntax checking information may be incorrect. [C:\Users\krush\Music\RISC_V_PIPELINED\RISC_V_PROCESSOR.srcs\sim_1\new\tb_riscv.v:]
WARNING: [filemgmt 56-199] Attempt to get parsing info during refresh. "On-the-fly" syntax checking information may be incorrect. [C:\Users\krush\Music\RISC_V_PIPELINED\RISC_V_PROCESSOR.srcs\sources_1\new\write_cycle.v:]
WARNING: [filemgmt 56-199] Attempt to get parsing info during refresh. "On-the-fly" syntax checking information may be incorrect. [C:\Users\krush\Music\RISC_V_PIPELINED\RISC_V_PROCESSOR.srcs\sim_1\new\tb_riscv.v:]
WARNING: [filemgmt 56-199] Attempt to get parsing info during refresh. "On-the-fly" syntax checking information may be incorrect. [C:\Users\krush\Music\RISC_V_PIPELINED\RISC_V_PROCESSOR.srcs\sources_1\new\decode_cycle.v:]
WARNING: [filemgmt 56-199] Attempt to get parsing info during refresh. "On-the-fly" syntax checking information may be incorrect. [C:\Users\krush\Music\RISC_V_PIPELINED\RISC_V_PROCESSOR.srcs\sources_1\new\Instr_mem.v:]
WARNING: [filemgmt 56-199] Attempt to get parsing info during refresh. "On-the-fly" syntax checking information may be incorrect. [C:\Users\krush\Music\RISC_V_PIPELINED\RISC_V_PROCESSOR.srcs\sources_1\new\hazard_unit.v:]
WARNING: [filemgmt 56-199] Attempt to get parsing info during refresh. "On-the-fly" syntax checking information may be incorrect. [C:\Users\krush\Music\RISC_V_PIPELINED\RISC_V_PROCESSOR.srcs\sources_1\new\decode_cycle.v:]
WARNING: [filemgmt 56-199] Attempt to get parsing info during refresh. "On-the-fly" syntax checking information may be incorrect. [C:\Users\krush\Music\RISC_V_PIPELINED\RISC_V_PROCESSOR.srcs\sources_1\new\decode_cycle.v:]
ERROR: [Common 17-180] Spawn failed: No error
WARNING: [filemgmt 56-199] Attempt to get parsing info during refresh. "On-the-fly" syntax checking information may be incorrect. [C:\Users\krush\Music\RISC_V_PIPELINED\RISC_V_PROCESSOR.srcs\sources_1\new\write_cycle.v:]
WARNING: [filemgmt 56-199] Attempt to get parsing info during refresh. "On-the-fly" syntax checking information may be incorrect. [C:\Users\krush\Music\RISC_V_PIPELINED\RISC_V_PROCESSOR.srcs\sim_1\new\tb_riscv.v:]
WARNING: [filemgmt 56-199] Attempt to get parsing info during refresh. "On-the-fly" syntax checking information may be incorrect. [C:\Users\krush\Music\RISC_V_PIPELINED\RISC_V_PROCESSOR.srcs\sources_1\new\decode_cycle.v:]
WARNING: [filemgmt 56-199] Attempt to get parsing info during refresh. "On-the-fly" syntax checking information may be incorrect. [C:\Users\krush\Music\RISC_V_PIPELINED\RISC_V_PROCESSOR.srcs\sources_1\new\Instr_mem.v:]
WARNING: [filemgmt 56-199] Attempt to get parsing info during refresh. "On-the-fly" syntax checking information may be incorrect. [C:\Users\krush\Music\RISC_V_PIPELINED\RISC_V_PROCESSOR.srcs\sources_1\new\hazard_unit.v:]
WARNING: [filemgmt 56-199] Attempt to get parsing info during refresh. "On-the-fly" syntax checking information may be incorrect. [C:\Users\krush\Music\RISC_V_PIPELINED\RISC_V_PROCESSOR.srcs\sources_1\new\Instr_mem.v:]
WARNING: [filemgmt 56-199] Attempt to get parsing info during refresh. "On-the-fly" syntax checking information may be incorrect. [C:\Users\krush\Music\RISC_V_PIPELINED\RISC_V_PROCESSOR.srcs\sources_1\new\Instr_mem.v:]
WARNING: [filemgmt 56-199] Attempt to get parsing info during refresh. "On-the-fly" syntax checking information may be incorrect. [C:\Users\krush\Music\RISC_V_PIPELINED\RISC_V_PROCESSOR.srcs\sources_1\new\write_cycle.v:]
WARNING: [filemgmt 56-199] Attempt to get parsing info during refresh. "On-the-fly" syntax checking information may be incorrect. [C:\Users\krush\Music\RISC_V_PIPELINED\RISC_V_PROCESSOR.srcs\sim_1\new\tb_riscv.v:]
WARNING: [filemgmt 56-199] Attempt to get parsing info during refresh. "On-the-fly" syntax checking information may be incorrect. [C:\Users\krush\Music\RISC_V_PIPELINED\RISC_V_PROCESSOR.srcs\sources_1\new\decode_cycle.v:]
WARNING: [filemgmt 56-199] Attempt to get parsing info during refresh. "On-the-fly" syntax checking information may be incorrect. [C:\Users\krush\Music\RISC_V_PIPELINED\RISC_V_PROCESSOR.srcs\sources_1\new\Instr_mem.v:]
WARNING: [filemgmt 56-199] Attempt to get parsing info during refresh. "On-the-fly" syntax checking information may be incorrect. [C:\Users\krush\Music\RISC_V_PIPELINED\RISC_V_PROCESSOR.srcs\sources_1\new\hazard_unit.v:]
WARNING: [filemgmt 56-199] Attempt to get parsing info during refresh. "On-the-fly" syntax checking information may be incorrect. [C:\Users\krush\Music\RISC_V_PIPELINED\RISC_V_PROCESSOR.srcs\sources_1\new\write_cycle.v:]
WARNING: [filemgmt 56-199] Attempt to get parsing info during refresh. "On-the-fly" syntax checking information may be incorrect. [C:\Users\krush\Music\RISC_V_PIPELINED\RISC_V_PROCESSOR.srcs\sources_1\new\write_cycle.v:]
WARNING: [filemgmt 56-199] Attempt to get parsing info during refresh. "On-the-fly" syntax checking information may be incorrect. [C:\Users\krush\Music\RISC_V_PIPELINED\RISC_V_PROCESSOR.srcs\sources_1\new\write_cycle.v:]
WARNING: [filemgmt 56-199] Attempt to get parsing info during refresh. "On-the-fly" syntax checking information may be incorrect. [C:\Users\krush\Music\RISC_V_PIPELINED\RISC_V_PROCESSOR.srcs\sim_1\new\tb_riscv.v:]
WARNING: [filemgmt 56-199] Attempt to get parsing info during refresh. "On-the-fly" syntax checking information may be incorrect. [C:\Users\krush\Music\RISC_V_PIPELINED\RISC_V_PROCESSOR.srcs\sources_1\new\decode_cycle.v:]
WARNING: [filemgmt 56-199] Attempt to get parsing info during refresh. "On-the-fly" syntax checking information may be incorrect. [C:\Users\krush\Music\RISC_V_PIPELINED\RISC_V_PROCESSOR.srcs\sources_1\new\Instr_mem.v:]
WARNING: [filemgmt 56-199] Attempt to get parsing info during refresh. "On-the-fly" syntax checking information may be incorrect. [C:\Users\krush\Music\RISC_V_PIPELINED\RISC_V_PROCESSOR.srcs\sources_1\new\hazard_unit.v:]
WARNING: [filemgmt 56-199] Attempt to get parsing info during refresh. "On-the-fly" syntax checking information may be incorrect. [C:\Users\krush\Music\RISC_V_PIPELINED\RISC_V_PROCESSOR.srcs\sources_1\new\decode_cycle.v:]
WARNING: [filemgmt 56-199] Attempt to get parsing info during refresh. "On-the-fly" syntax checking information may be incorrect. [C:\Users\krush\Music\RISC_V_PIPELINED\RISC_V_PROCESSOR.srcs\sources_1\new\decode_cycle.v:]
ERROR: [Common 17-180] Spawn failed: No error
WARNING: [filemgmt 56-199] Attempt to get parsing info during refresh. "On-the-fly" syntax checking information may be incorrect. [C:\Users\krush\Music\RISC_V_PIPELINED\RISC_V_PROCESSOR.srcs\sources_1\new\write_cycle.v:]
WARNING: [filemgmt 56-199] Attempt to get parsing info during refresh. "On-the-fly" syntax checking information may be incorrect. [C:\Users\krush\Music\RISC_V_PIPELINED\RISC_V_PROCESSOR.srcs\sim_1\new\tb_riscv.v:]
WARNING: [filemgmt 56-199] Attempt to get parsing info during refresh. "On-the-fly" syntax checking information may be incorrect. [C:\Users\krush\Music\RISC_V_PIPELINED\RISC_V_PROCESSOR.srcs\sources_1\new\decode_cycle.v:]
WARNING: [filemgmt 56-199] Attempt to get parsing info during refresh. "On-the-fly" syntax checking information may be incorrect. [C:\Users\krush\Music\RISC_V_PIPELINED\RISC_V_PROCESSOR.srcs\sources_1\new\Instr_mem.v:]
WARNING: [filemgmt 56-199] Attempt to get parsing info during refresh. "On-the-fly" syntax checking information may be incorrect. [C:\Users\krush\Music\RISC_V_PIPELINED\RISC_V_PROCESSOR.srcs\sources_1\new\hazard_unit.v:]
WARNING: [filemgmt 56-199] Attempt to get parsing info during refresh. "On-the-fly" syntax checking information may be incorrect. [C:\Users\krush\Music\RISC_V_PIPELINED\RISC_V_PROCESSOR.srcs\sim_1\new\tb_riscv.v:]
WARNING: [filemgmt 56-199] Attempt to get parsing info during refresh. "On-the-fly" syntax checking information may be incorrect. [C:\Users\krush\Music\RISC_V_PIPELINED\RISC_V_PROCESSOR.srcs\sim_1\new\tb_riscv.v:]
ERROR: [Common 17-180] Spawn failed: No error
WARNING: [filemgmt 56-199] Attempt to get parsing info during refresh. "On-the-fly" syntax checking information may be incorrect. [C:\Users\krush\Music\RISC_V_PIPELINED\RISC_V_PROCESSOR.srcs\sources_1\new\write_cycle.v:]
WARNING: [filemgmt 56-199] Attempt to get parsing info during refresh. "On-the-fly" syntax checking information may be incorrect. [C:\Users\krush\Music\RISC_V_PIPELINED\RISC_V_PROCESSOR.srcs\sim_1\new\tb_riscv.v:]
WARNING: [filemgmt 56-199] Attempt to get parsing info during refresh. "On-the-fly" syntax checking information may be incorrect. [C:\Users\krush\Music\RISC_V_PIPELINED\RISC_V_PROCESSOR.srcs\sources_1\new\decode_cycle.v:]
WARNING: [filemgmt 56-199] Attempt to get parsing info during refresh. "On-the-fly" syntax checking information may be incorrect. [C:\Users\krush\Music\RISC_V_PIPELINED\RISC_V_PROCESSOR.srcs\sources_1\new\Instr_mem.v:]
WARNING: [filemgmt 56-199] Attempt to get parsing info during refresh. "On-the-fly" syntax checking information may be incorrect. [C:\Users\krush\Music\RISC_V_PIPELINED\RISC_V_PROCESSOR.srcs\sources_1\new\hazard_unit.v:]
WARNING: [filemgmt 56-199] Attempt to get parsing info during refresh. "On-the-fly" syntax checking information may be incorrect. [C:\Users\krush\Music\RISC_V_PIPELINED\RISC_V_PROCESSOR.srcs\sources_1\new\Instr_mem.v:]
WARNING: [filemgmt 56-199] Attempt to get parsing info during refresh. "On-the-fly" syntax checking information may be incorrect. [C:\Users\krush\Music\RISC_V_PIPELINED\RISC_V_PROCESSOR.srcs\sources_1\new\Instr_mem.v:]
WARNING: [filemgmt 56-199] Attempt to get parsing info during refresh. "On-the-fly" syntax checking information may be incorrect. [C:\Users\krush\Music\RISC_V_PIPELINED\RISC_V_PROCESSOR.srcs\sources_1\new\write_cycle.v:]
WARNING: [filemgmt 56-199] Attempt to get parsing info during refresh. "On-the-fly" syntax checking information may be incorrect. [C:\Users\krush\Music\RISC_V_PIPELINED\RISC_V_PROCESSOR.srcs\sim_1\new\tb_riscv.v:]
WARNING: [filemgmt 56-199] Attempt to get parsing info during refresh. "On-the-fly" syntax checking information may be incorrect. [C:\Users\krush\Music\RISC_V_PIPELINED\RISC_V_PROCESSOR.srcs\sources_1\new\decode_cycle.v:]
WARNING: [filemgmt 56-199] Attempt to get parsing info during refresh. "On-the-fly" syntax checking information may be incorrect. [C:\Users\krush\Music\RISC_V_PIPELINED\RISC_V_PROCESSOR.srcs\sources_1\new\Instr_mem.v:]
WARNING: [filemgmt 56-199] Attempt to get parsing info during refresh. "On-the-fly" syntax checking information may be incorrect. [C:\Users\krush\Music\RISC_V_PIPELINED\RISC_V_PROCESSOR.srcs\sources_1\new\hazard_unit.v:]
WARNING: [filemgmt 56-199] Attempt to get parsing info during refresh. "On-the-fly" syntax checking information may be incorrect. [C:\Users\krush\Music\RISC_V_PIPELINED\RISC_V_PROCESSOR.srcs\sources_1\new\write_cycle.v:]
WARNING: [filemgmt 56-199] Attempt to get parsing info during refresh. "On-the-fly" syntax checking information may be incorrect. [C:\Users\krush\Music\RISC_V_PIPELINED\RISC_V_PROCESSOR.srcs\sources_1\new\write_cycle.v:]
WARNING: [filemgmt 56-199] Attempt to get parsing info during refresh. "On-the-fly" syntax checking information may be incorrect. [C:\Users\krush\Music\RISC_V_PIPELINED\RISC_V_PROCESSOR.srcs\sources_1\new\write_cycle.v:]
WARNING: [filemgmt 56-199] Attempt to get parsing info during refresh. "On-the-fly" syntax checking information may be incorrect. [C:\Users\krush\Music\RISC_V_PIPELINED\RISC_V_PROCESSOR.srcs\sim_1\new\tb_riscv.v:]
WARNING: [filemgmt 56-199] Attempt to get parsing info during refresh. "On-the-fly" syntax checking information may be incorrect. [C:\Users\krush\Music\RISC_V_PIPELINED\RISC_V_PROCESSOR.srcs\sources_1\new\decode_cycle.v:]
WARNING: [filemgmt 56-199] Attempt to get parsing info during refresh. "On-the-fly" syntax checking information may be incorrect. [C:\Users\krush\Music\RISC_V_PIPELINED\RISC_V_PROCESSOR.srcs\sources_1\new\Instr_mem.v:]
WARNING: [filemgmt 56-199] Attempt to get parsing info during refresh. "On-the-fly" syntax checking information may be incorrect. [C:\Users\krush\Music\RISC_V_PIPELINED\RISC_V_PROCESSOR.srcs\sources_1\new\hazard_unit.v:]
WARNING: [filemgmt 56-199] Attempt to get parsing info during refresh. "On-the-fly" syntax checking information may be incorrect. [C:\Users\krush\Music\RISC_V_PIPELINED\RISC_V_PROCESSOR.srcs\sources_1\new\decode_cycle.v:]
WARNING: [filemgmt 56-199] Attempt to get parsing info during refresh. "On-the-fly" syntax checking information may be incorrect. [C:\Users\krush\Music\RISC_V_PIPELINED\RISC_V_PROCESSOR.srcs\sources_1\new\decode_cycle.v:]
WARNING: [filemgmt 56-199] Attempt to get parsing info during refresh. "On-the-fly" syntax checking information may be incorrect. [C:\Users\krush\Music\RISC_V_PIPELINED\RISC_V_PROCESSOR.srcs\sources_1\new\write_cycle.v:]
WARNING: [filemgmt 56-199] Attempt to get parsing info during refresh. "On-the-fly" syntax checking information may be incorrect. [C:\Users\krush\Music\RISC_V_PIPELINED\RISC_V_PROCESSOR.srcs\sim_1\new\tb_riscv.v:]
WARNING: [filemgmt 56-199] Attempt to get parsing info during refresh. "On-the-fly" syntax checking information may be incorrect. [C:\Users\krush\Music\RISC_V_PIPELINED\RISC_V_PROCESSOR.srcs\sources_1\new\decode_cycle.v:]
WARNING: [filemgmt 56-199] Attempt to get parsing info during refresh. "On-the-fly" syntax checking information may be incorrect. [C:\Users\krush\Music\RISC_V_PIPELINED\RISC_V_PROCESSOR.srcs\sources_1\new\Instr_mem.v:]
WARNING: [filemgmt 56-199] Attempt to get parsing info during refresh. "On-the-fly" syntax checking information may be incorrect. [C:\Users\krush\Music\RISC_V_PIPELINED\RISC_V_PROCESSOR.srcs\sources_1\new\hazard_unit.v:]
WARNING: [filemgmt 56-199] Attempt to get parsing info during refresh. "On-the-fly" syntax checking information may be incorrect. [C:\Users\krush\Music\RISC_V_PIPELINED\RISC_V_PROCESSOR.srcs\sources_1\new\hazard_unit.v:]
WARNING: [filemgmt 56-199] Attempt to get parsing info during refresh. "On-the-fly" syntax checking information may be incorrect. [C:\Users\krush\Music\RISC_V_PIPELINED\RISC_V_PROCESSOR.srcs\sources_1\new\hazard_unit.v:]
WARNING: [filemgmt 56-199] Attempt to get parsing info during refresh. "On-the-fly" syntax checking information may be incorrect. [C:\Users\krush\Music\RISC_V_PIPELINED\RISC_V_PROCESSOR.srcs\sources_1\new\write_cycle.v:]
WARNING: [filemgmt 56-199] Attempt to get parsing info during refresh. "On-the-fly" syntax checking information may be incorrect. [C:\Users\krush\Music\RISC_V_PIPELINED\RISC_V_PROCESSOR.srcs\sim_1\new\tb_riscv.v:]
WARNING: [filemgmt 56-199] Attempt to get parsing info during refresh. "On-the-fly" syntax checking information may be incorrect. [C:\Users\krush\Music\RISC_V_PIPELINED\RISC_V_PROCESSOR.srcs\sources_1\new\decode_cycle.v:]
WARNING: [filemgmt 56-199] Attempt to get parsing info during refresh. "On-the-fly" syntax checking information may be incorrect. [C:\Users\krush\Music\RISC_V_PIPELINED\RISC_V_PROCESSOR.srcs\sources_1\new\Instr_mem.v:]
WARNING: [filemgmt 56-199] Attempt to get parsing info during refresh. "On-the-fly" syntax checking information may be incorrect. [C:\Users\krush\Music\RISC_V_PIPELINED\RISC_V_PROCESSOR.srcs\sources_1\new\hazard_unit.v:]
WARNING: [filemgmt 56-199] Attempt to get parsing info during refresh. "On-the-fly" syntax checking information may be incorrect. [C:\Users\krush\Music\RISC_V_PIPELINED\RISC_V_PROCESSOR.srcs\sources_1\new\Instr_mem.v:]
WARNING: [filemgmt 56-199] Attempt to get parsing info during refresh. "On-the-fly" syntax checking information may be incorrect. [C:\Users\krush\Music\RISC_V_PIPELINED\RISC_V_PROCESSOR.srcs\sources_1\new\Instr_mem.v:]
WARNING: [filemgmt 56-199] Attempt to get parsing info during refresh. "On-the-fly" syntax checking information may be incorrect. [C:\Users\krush\Music\RISC_V_PIPELINED\RISC_V_PROCESSOR.srcs\sources_1\new\write_cycle.v:]
WARNING: [filemgmt 56-199] Attempt to get parsing info during refresh. "On-the-fly" syntax checking information may be incorrect. [C:\Users\krush\Music\RISC_V_PIPELINED\RISC_V_PROCESSOR.srcs\sim_1\new\tb_riscv.v:]
WARNING: [filemgmt 56-199] Attempt to get parsing info during refresh. "On-the-fly" syntax checking information may be incorrect. [C:\Users\krush\Music\RISC_V_PIPELINED\RISC_V_PROCESSOR.srcs\sources_1\new\decode_cycle.v:]
WARNING: [filemgmt 56-199] Attempt to get parsing info during refresh. "On-the-fly" syntax checking information may be incorrect. [C:\Users\krush\Music\RISC_V_PIPELINED\RISC_V_PROCESSOR.srcs\sources_1\new\Instr_mem.v:]
WARNING: [filemgmt 56-199] Attempt to get parsing info during refresh. "On-the-fly" syntax checking information may be incorrect. [C:\Users\krush\Music\RISC_V_PIPELINED\RISC_V_PROCESSOR.srcs\sources_1\new\hazard_unit.v:]
WARNING: [filemgmt 56-199] Attempt to get parsing info during refresh. "On-the-fly" syntax checking information may be incorrect. [C:\Users\krush\Music\RISC_V_PIPELINED\RISC_V_PROCESSOR.srcs\sources_1\new\write_cycle.v:]
WARNING: [filemgmt 56-199] Attempt to get parsing info during refresh. "On-the-fly" syntax checking information may be incorrect. [C:\Users\krush\Music\RISC_V_PIPELINED\RISC_V_PROCESSOR.srcs\sources_1\new\write_cycle.v:]
WARNING: [filemgmt 56-199] Attempt to get parsing info during refresh. "On-the-fly" syntax checking information may be incorrect. [C:\Users\krush\Music\RISC_V_PIPELINED\RISC_V_PROCESSOR.srcs\sources_1\new\write_cycle.v:]
WARNING: [filemgmt 56-199] Attempt to get parsing info during refresh. "On-the-fly" syntax checking information may be incorrect. [C:\Users\krush\Music\RISC_V_PIPELINED\RISC_V_PROCESSOR.srcs\sim_1\new\tb_riscv.v:]
WARNING: [filemgmt 56-199] Attempt to get parsing info during refresh. "On-the-fly" syntax checking information may be incorrect. [C:\Users\krush\Music\RISC_V_PIPELINED\RISC_V_PROCESSOR.srcs\sources_1\new\decode_cycle.v:]
WARNING: [filemgmt 56-199] Attempt to get parsing info during refresh. "On-the-fly" syntax checking information may be incorrect. [C:\Users\krush\Music\RISC_V_PIPELINED\RISC_V_PROCESSOR.srcs\sources_1\new\Instr_mem.v:]
WARNING: [filemgmt 56-199] Attempt to get parsing info during refresh. "On-the-fly" syntax checking information may be incorrect. [C:\Users\krush\Music\RISC_V_PIPELINED\RISC_V_PROCESSOR.srcs\sources_1\new\hazard_unit.v:]
WARNING: [filemgmt 56-199] Attempt to get parsing info during refresh. "On-the-fly" syntax checking information may be incorrect. [C:\Users\krush\Music\RISC_V_PIPELINED\RISC_V_PROCESSOR.srcs\sources_1\new\decode_cycle.v:]
WARNING: [filemgmt 56-199] Attempt to get parsing info during refresh. "On-the-fly" syntax checking information may be incorrect. [C:\Users\krush\Music\RISC_V_PIPELINED\RISC_V_PROCESSOR.srcs\sources_1\new\decode_cycle.v:]
WARNING: [filemgmt 56-199] Attempt to get parsing info during refresh. "On-the-fly" syntax checking information may be incorrect. [C:\Users\krush\Music\RISC_V_PIPELINED\RISC_V_PROCESSOR.srcs\sources_1\new\write_cycle.v:]
WARNING: [filemgmt 56-199] Attempt to get parsing info during refresh. "On-the-fly" syntax checking information may be incorrect. [C:\Users\krush\Music\RISC_V_PIPELINED\RISC_V_PROCESSOR.srcs\sim_1\new\tb_riscv.v:]
WARNING: [filemgmt 56-199] Attempt to get parsing info during refresh. "On-the-fly" syntax checking information may be incorrect. [C:\Users\krush\Music\RISC_V_PIPELINED\RISC_V_PROCESSOR.srcs\sources_1\new\decode_cycle.v:]
WARNING: [filemgmt 56-199] Attempt to get parsing info during refresh. "On-the-fly" syntax checking information may be incorrect. [C:\Users\krush\Music\RISC_V_PIPELINED\RISC_V_PROCESSOR.srcs\sources_1\new\Instr_mem.v:]
WARNING: [filemgmt 56-199] Attempt to get parsing info during refresh. "On-the-fly" syntax checking information may be incorrect. [C:\Users\krush\Music\RISC_V_PIPELINED\RISC_V_PROCESSOR.srcs\sources_1\new\hazard_unit.v:]
WARNING: [filemgmt 56-199] Attempt to get parsing info during refresh. "On-the-fly" syntax checking information may be incorrect. [C:\Users\krush\Music\RISC_V_PIPELINED\RISC_V_PROCESSOR.srcs\sim_1\new\tb_riscv.v:]
WARNING: [filemgmt 56-199] Attempt to get parsing info during refresh. "On-the-fly" syntax checking information may be incorrect. [C:\Users\krush\Music\RISC_V_PIPELINED\RISC_V_PROCESSOR.srcs\sim_1\new\tb_riscv.v:]
ERROR: [Common 17-180] Spawn failed: No error
launch_simulation
Command: launch_simulation 
INFO: [Vivado 12-12493] Simulation top is 'tb_riscv'
WARNING: [Vivado 12-13340] Unable to auto find GCC executables from simulator install path! (path not set)
INFO: [Vivado 12-5682] Launching behavioral simulation in 'C:/Users/krush/Music/RISC_V_PIPELINED/RISC_V_PROCESSOR.sim/sim_1/behav/xsim'
INFO: [SIM-utils-51] Simulation object is 'sim_1'
INFO: [SIM-utils-72] Using boost library from 'C:/Xilinx/Vivado/2024.2/tps/boost_1_72_0'
INFO: [SIM-utils-54] Inspecting design source files for 'tb_riscv' in fileset 'sim_1'...
INFO: [USF-XSim-97] Finding global include files...
INFO: [USF-XSim-98] Fetching design files from 'sim_1'...
INFO: [USF-XSim-2] XSim::Compile design
INFO: [USF-XSim-61] Executing 'COMPILE and ANALYZE' step in 'C:/Users/krush/Music/RISC_V_PIPELINED/RISC_V_PROCESSOR.sim/sim_1/behav/xsim'
"xvlog --incr --relax -prj tb_riscv_vlog.prj"
INFO: [VRFC 10-2263] Analyzing Verilog file "C:/Users/krush/Music/RISC_V_PIPELINED/RISC_V_PROCESSOR.srcs/sources_1/new/ALU.v" into library xil_defaultlib
INFO: [VRFC 10-311] analyzing module ALU
INFO: [VRFC 10-2263] Analyzing Verilog file "C:/Users/krush/Music/RISC_V_PIPELINED/RISC_V_PROCESSOR.srcs/sources_1/new/Control_unit.v" into library xil_defaultlib
INFO: [VRFC 10-311] analyzing module Control_unit
INFO: [VRFC 10-2263] Analyzing Verilog file "C:/Users/krush/Music/RISC_V_PIPELINED/RISC_V_PROCESSOR.srcs/sources_1/new/D_FF.v" into library xil_defaultlib
INFO: [VRFC 10-311] analyzing module D_FF
INFO: [VRFC 10-2263] Analyzing Verilog file "C:/Users/krush/Music/RISC_V_PIPELINED/RISC_V_PROCESSOR.srcs/sources_1/new/D_FF_enable.v" into library xil_defaultlib
INFO: [VRFC 10-311] analyzing module D_FF_enable
INFO: [VRFC 10-2263] Analyzing Verilog file "C:/Users/krush/Music/RISC_V_PIPELINED/RISC_V_PROCESSOR.srcs/sources_1/new/D_FF_enable_Flush.v" into library xil_defaultlib
INFO: [VRFC 10-311] analyzing module D_FF_enable_Flush
INFO: [VRFC 10-2263] Analyzing Verilog file "C:/Users/krush/Music/RISC_V_PIPELINED/RISC_V_PROCESSOR.srcs/sources_1/new/D_FF_flush.v" into library xil_defaultlib
INFO: [VRFC 10-311] analyzing module D_FF_flush
INFO: [VRFC 10-2263] Analyzing Verilog file "C:/Users/krush/Music/RISC_V_PIPELINED/RISC_V_PROCESSOR.srcs/sources_1/new/Data_mem.v" into library xil_defaultlib
INFO: [VRFC 10-311] analyzing module Data_mem
INFO: [VRFC 10-2263] Analyzing Verilog file "C:/Users/krush/Music/RISC_V_PIPELINED/RISC_V_PROCESSOR.srcs/sources_1/new/Imm_gen.v" into library xil_defaultlib
INFO: [VRFC 10-311] analyzing module Imm_gen
INFO: [VRFC 10-2263] Analyzing Verilog file "C:/Users/krush/Music/RISC_V_PIPELINED/RISC_V_PROCESSOR.srcs/sources_1/new/Instr_mem.v" into library xil_defaultlib
INFO: [VRFC 10-311] analyzing module Instr_mem
INFO: [VRFC 10-2263] Analyzing Verilog file "C:/Users/krush/Music/RISC_V_PIPELINED/RISC_V_PROCESSOR.srcs/sources_1/new/Register_file.v" into library xil_defaultlib
INFO: [VRFC 10-311] analyzing module Register_file
INFO: [VRFC 10-2263] Analyzing Verilog file "C:/Users/krush/Music/RISC_V_PIPELINED/RISC_V_PROCESSOR.srcs/sources_1/new/decode_cycle.v" into library xil_defaultlib
INFO: [VRFC 10-311] analyzing module decode_cycle
INFO: [VRFC 10-2263] Analyzing Verilog file "C:/Users/krush/Music/RISC_V_PIPELINED/RISC_V_PROCESSOR.srcs/sources_1/new/execute_cycle.v" into library xil_defaultlib
INFO: [VRFC 10-311] analyzing module execute_cycle
INFO: [VRFC 10-2263] Analyzing Verilog file "C:/Users/krush/Music/RISC_V_PIPELINED/RISC_V_PROCESSOR.srcs/sources_1/new/fetch_cycle.v" into library xil_defaultlib
INFO: [VRFC 10-311] analyzing module fetch_cycle
INFO: [VRFC 10-2263] Analyzing Verilog file "C:/Users/krush/Music/RISC_V_PIPELINED/RISC_V_PROCESSOR.srcs/sources_1/new/hazard_unit.v" into library xil_defaultlib
INFO: [VRFC 10-311] analyzing module hazard_unit
INFO: [VRFC 10-2263] Analyzing Verilog file "C:/Users/krush/Music/RISC_V_PIPELINED/RISC_V_PROCESSOR.srcs/sources_1/new/load_unit.v" into library xil_defaultlib
INFO: [VRFC 10-311] analyzing module load_unit
INFO: [VRFC 10-2263] Analyzing Verilog file "C:/Users/krush/Music/RISC_V_PIPELINED/RISC_V_PROCESSOR.srcs/sources_1/new/memory_cycle.v" into library xil_defaultlib
INFO: [VRFC 10-311] analyzing module memory_cycle
INFO: [VRFC 10-2263] Analyzing Verilog file "C:/Users/krush/Music/RISC_V_PIPELINED/RISC_V_PROCESSOR.srcs/sources_1/new/store_unit.v" into library xil_defaultlib
INFO: [VRFC 10-311] analyzing module store_unit
INFO: [VRFC 10-2263] Analyzing Verilog file "C:/Users/krush/Music/RISC_V_PIPELINED/RISC_V_PROCESSOR.srcs/sources_1/new/top.v" into library xil_defaultlib
INFO: [VRFC 10-311] analyzing module top
INFO: [VRFC 10-2263] Analyzing Verilog file "C:/Users/krush/Music/RISC_V_PIPELINED/RISC_V_PROCESSOR.srcs/sources_1/new/write_cycle.v" into library xil_defaultlib
INFO: [VRFC 10-311] analyzing module write_cycle
INFO: [VRFC 10-2263] Analyzing Verilog file "C:/Users/krush/Music/RISC_V_PIPELINED/RISC_V_PROCESSOR.srcs/sim_1/new/tb_riscv.v" into library xil_defaultlib
INFO: [VRFC 10-311] analyzing module tb_riscv
INFO: [USF-XSim-69] 'compile' step finished in '4' seconds
INFO: [USF-XSim-3] XSim::Elaborate design
INFO: [USF-XSim-61] Executing 'ELABORATE' step in 'C:/Users/krush/Music/RISC_V_PIPELINED/RISC_V_PROCESSOR.sim/sim_1/behav/xsim'
"xelab --incr --debug typical --relax --mt 2 -L xil_defaultlib -L unisims_ver -L unimacro_ver -L secureip --snapshot tb_riscv_behav xil_defaultlib.tb_riscv xil_defaultlib.glbl -log elaborate.log"
Vivado Simulator v2024.2.0
Copyright 1986-2022 Xilinx, Inc. All Rights Reserved.
Copyright 2022-2024 Advanced Micro Devices, Inc. All Rights Reserved.
Running: C:/Xilinx/Vivado/2024.2/bin/unwrapped/win64.o/xelab.exe --incr --debug typical --relax --mt 2 -L xil_defaultlib -L unisims_ver -L unimacro_ver -L secureip --snapshot tb_riscv_behav xil_defaultlib.tb_riscv xil_defaultlib.glbl -log elaborate.log 
Using 2 slave threads.
Starting static elaboration
Pass Through NonSizing Optimizer
Completed static elaboration
Starting simulation data flow analysis
Completed simulation data flow analysis
Time Resolution for simulation is 1ps
Compiling module xil_defaultlib.D_FF_enable
Compiling module xil_defaultlib.Instr_mem
Compiling module xil_defaultlib.D_FF_enable_Flush
Compiling module xil_defaultlib.fetch_cycle
Compiling module xil_defaultlib.Control_unit
Compiling module xil_defaultlib.Imm_gen
Compiling module xil_defaultlib.Register_file
Compiling module xil_defaultlib.D_FF_flush
Compiling module xil_defaultlib.D_FF_flush(WIDTH=1)
Compiling module xil_defaultlib.D_FF_flush(WIDTH=2)
Compiling module xil_defaultlib.D_FF_flush(WIDTH=4)
Compiling module xil_defaultlib.D_FF_flush(WIDTH=3)
Compiling module xil_defaultlib.D_FF_flush(WIDTH=5)
Compiling module xil_defaultlib.decode_cycle
Compiling module xil_defaultlib.ALU
Compiling module xil_defaultlib.D_FF(WIDTH=1)
Compiling module xil_defaultlib.D_FF(WIDTH=3)
Compiling module xil_defaultlib.D_FF(WIDTH=2)
Compiling module xil_defaultlib.D_FF
Compiling module xil_defaultlib.D_FF(WIDTH=5)
Compiling module xil_defaultlib.execute_cycle
Compiling module xil_defaultlib.store_unit
Compiling module xil_defaultlib.Data_mem
Compiling module xil_defaultlib.memory_cycle
Compiling module xil_defaultlib.load_unit
Compiling module xil_defaultlib.write_cycle
Compiling module xil_defaultlib.hazard_unit
Compiling module xil_defaultlib.top
Compiling module xil_defaultlib.tb_riscv
Compiling module xil_defaultlib.glbl
Built simulation snapshot tb_riscv_behav
INFO: [USF-XSim-69] 'elaborate' step finished in '3' seconds
INFO: [USF-XSim-4] XSim::Simulate design
INFO: [USF-XSim-61] Executing 'SIMULATE' step in 'C:/Users/krush/Music/RISC_V_PIPELINED/RISC_V_PROCESSOR.sim/sim_1/behav/xsim'
INFO: [USF-XSim-98] *** Running xsim
   with args "tb_riscv_behav -key {Behavioral:sim_1:Functional:tb_riscv} -tclbatch {tb_riscv.tcl} -log {simulate.log}"
INFO: [USF-XSim-8] Loading simulator feature
Time resolution is 1 ps
source tb_riscv.tcl
# set curr_wave [current_wave_config]
# if { [string length $curr_wave] == 0 } {
#   if { [llength [get_objects]] > 0} {
#     add_wave /
#     set_property needs_save false [current_wave_config]
#   } else {
#      send_msg_id Add_Wave-1 WARNING "No top level signals found. Simulator will start without a wave window. If you want to open a wave window go to 'File->New Waveform Configuration' or type 'create_wave_config' in the TCL console."
#   }
# }
# run 1000ns
Loading instruction memory from rv32i_test.hex
Result = 4294967293
1. addi implementation is correct for x0 
2. addi implementation is correct 
3. slli implementation is correct 
4. slti implementation is correct 
5. sltiu implementation is correct 
6. xori implementation is correct 
7. srli implementation is correct 
8. srai implementation is correct 
9. ori implementation is correct 
10. andi implementation is correct
11. add implementation is correct 
12. sub implementation is correct 
13. sll implementation is correct 
14. slt implementation is correct 
15. sltu implementation is correct 
16. xor implementation is correct 
17. srl implementation is correct 
18. sra implementation is correct 
19. or implementation is correct 
20. and implementation is correct 
21. lui implementation is correct 
23. sb implementation is correct
22. auipc implementation is correct 
24. sh implementation is correct
25. sw implementation is correct
26. lb implementation is correct
27. lh implementation is correct
28. lw implementation is correct
29. lbu implementation is correct
30. lhu implementation is correct
31. blt is executing
31. blt is executing
31. blt is executing
31. blt is executing
31. blt is executing
31. blt is executing
31. blt is executing
31. blt is executing
31. blt is executing
31. blt is executing
31. blt implementation is correct 
32. bge is executing
32. bge is executing
INFO: [USF-XSim-96] XSim completed. Design snapshot 'tb_riscv_behav' loaded.
INFO: [USF-XSim-97] XSim simulation ran for 1000ns
launch_simulation: Time (s): cpu = 00:00:06 ; elapsed = 00:00:10 . Memory (MB): peak = 2433.984 ; gain = 0.000
run all
32. bge is executing
32. bge is executing
32. bge is executing
32. bge is executing
32. bge is executing
32. bge is executing
32. bge is executing
32. bge is executing
32. bge is executing
32. bge implementation is correct
33. bltu is executing
33. bltu is executing
33. bltu is executing
33. bltu is executing
33. bltu implementation is correct 
34. bgeu is executing
34. bgeu is executing
34. bgeu is executing
34. bgeu is executing
34. bgeu is executing
34. bgeu implementation is correct 
35. bne is executing
35. bne is executing
35. bne is executing
35. bne is executing
35. bne is executing
35. bne implementation is correct 
36. beq is executing
36. beq is executing
36. beq implementation is incorrect
37. jalr implementation is correct 
38. jal implementation is correct 
38. jal implementation is correct 
38. jal implementation is correct 
38. jal implementation is correct 
38. jal implementation is correct 
38. jal implementation is correct 
38. jal implementation is correct 
38. jal implementation is correct 
38. jal implementation is correct 
38. jal implementation is correct 
38. jal implementation is correct 
38. jal implementation is correct 
38. jal implementation is correct 
38. jal implementation is correct 
38. jal implementation is correct 
38. jal implementation is correct 
38. jal implementation is correct 
38. jal implementation is correct 
38. jal implementation is correct 
38. jal implementation is correct 
38. jal implementation is correct 
38. jal implementation is correct 
38. jal implementation is correct 
38. jal implementation is correct 
38. jal implementation is correct 
38. jal implementation is correct 
38. jal implementation is correct 
38. jal implementation is correct 
38. jal implementation is correct 
38. jal implementation is correct 
38. jal implementation is correct 
38. jal implementation is correct 
38. jal implementation is correct 
Faulty Instructions =>           1
Error(s) encountered, please check your design!
$stop called at time : 3365 ns : File "C:/Users/krush/Music/RISC_V_PIPELINED/RISC_V_PROCESSOR.srcs/sim_1/new/tb_riscv.v" Line 571
WARNING: [filemgmt 56-199] Attempt to get parsing info during refresh. "On-the-fly" syntax checking information may be incorrect. [C:\Users\krush\Music\RISC_V_PIPELINED\RISC_V_PROCESSOR.srcs\sources_1\new\write_cycle.v:]
WARNING: [filemgmt 56-199] Attempt to get parsing info during refresh. "On-the-fly" syntax checking information may be incorrect. [C:\Users\krush\Music\RISC_V_PIPELINED\RISC_V_PROCESSOR.srcs\sim_1\new\tb_riscv.v:]
WARNING: [filemgmt 56-199] Attempt to get parsing info during refresh. "On-the-fly" syntax checking information may be incorrect. [C:\Users\krush\Music\RISC_V_PIPELINED\RISC_V_PROCESSOR.srcs\sources_1\new\decode_cycle.v:]
WARNING: [filemgmt 56-199] Attempt to get parsing info during refresh. "On-the-fly" syntax checking information may be incorrect. [C:\Users\krush\Music\RISC_V_PIPELINED\RISC_V_PROCESSOR.srcs\sources_1\new\Instr_mem.v:]
WARNING: [filemgmt 56-199] Attempt to get parsing info during refresh. "On-the-fly" syntax checking information may be incorrect. [C:\Users\krush\Music\RISC_V_PIPELINED\RISC_V_PROCESSOR.srcs\sources_1\new\hazard_unit.v:]
WARNING: [filemgmt 56-199] Attempt to get parsing info during refresh. "On-the-fly" syntax checking information may be incorrect. [C:\Users\krush\Music\RISC_V_PIPELINED\RISC_V_PROCESSOR.srcs\sources_1\new\Instr_mem.v:]
WARNING: [filemgmt 56-199] Attempt to get parsing info during refresh. "On-the-fly" syntax checking information may be incorrect. [C:\Users\krush\Music\RISC_V_PIPELINED\RISC_V_PROCESSOR.srcs\sources_1\new\Instr_mem.v:]
WARNING: [filemgmt 56-199] Attempt to get parsing info during refresh. "On-the-fly" syntax checking information may be incorrect. [C:\Users\krush\Music\RISC_V_PIPELINED\RISC_V_PROCESSOR.srcs\sources_1\new\write_cycle.v:]
WARNING: [filemgmt 56-199] Attempt to get parsing info during refresh. "On-the-fly" syntax checking information may be incorrect. [C:\Users\krush\Music\RISC_V_PIPELINED\RISC_V_PROCESSOR.srcs\sim_1\new\tb_riscv.v:]
WARNING: [filemgmt 56-199] Attempt to get parsing info during refresh. "On-the-fly" syntax checking information may be incorrect. [C:\Users\krush\Music\RISC_V_PIPELINED\RISC_V_PROCESSOR.srcs\sources_1\new\decode_cycle.v:]
WARNING: [filemgmt 56-199] Attempt to get parsing info during refresh. "On-the-fly" syntax checking information may be incorrect. [C:\Users\krush\Music\RISC_V_PIPELINED\RISC_V_PROCESSOR.srcs\sources_1\new\Instr_mem.v:]
WARNING: [filemgmt 56-199] Attempt to get parsing info during refresh. "On-the-fly" syntax checking information may be incorrect. [C:\Users\krush\Music\RISC_V_PIPELINED\RISC_V_PROCESSOR.srcs\sources_1\new\hazard_unit.v:]
WARNING: [filemgmt 56-199] Attempt to get parsing info during refresh. "On-the-fly" syntax checking information may be incorrect. [C:\Users\krush\Music\RISC_V_PIPELINED\RISC_V_PROCESSOR.srcs\sources_1\new\write_cycle.v:]
WARNING: [filemgmt 56-199] Attempt to get parsing info during refresh. "On-the-fly" syntax checking information may be incorrect. [C:\Users\krush\Music\RISC_V_PIPELINED\RISC_V_PROCESSOR.srcs\sources_1\new\write_cycle.v:]
WARNING: [filemgmt 56-199] Attempt to get parsing info during refresh. "On-the-fly" syntax checking information may be incorrect. [C:\Users\krush\Music\RISC_V_PIPELINED\RISC_V_PROCESSOR.srcs\sources_1\new\write_cycle.v:]
WARNING: [filemgmt 56-199] Attempt to get parsing info during refresh. "On-the-fly" syntax checking information may be incorrect. [C:\Users\krush\Music\RISC_V_PIPELINED\RISC_V_PROCESSOR.srcs\sim_1\new\tb_riscv.v:]
WARNING: [filemgmt 56-199] Attempt to get parsing info during refresh. "On-the-fly" syntax checking information may be incorrect. [C:\Users\krush\Music\RISC_V_PIPELINED\RISC_V_PROCESSOR.srcs\sources_1\new\decode_cycle.v:]
WARNING: [filemgmt 56-199] Attempt to get parsing info during refresh. "On-the-fly" syntax checking information may be incorrect. [C:\Users\krush\Music\RISC_V_PIPELINED\RISC_V_PROCESSOR.srcs\sources_1\new\Instr_mem.v:]
WARNING: [filemgmt 56-199] Attempt to get parsing info during refresh. "On-the-fly" syntax checking information may be incorrect. [C:\Users\krush\Music\RISC_V_PIPELINED\RISC_V_PROCESSOR.srcs\sources_1\new\hazard_unit.v:]
WARNING: [filemgmt 56-199] Attempt to get parsing info during refresh. "On-the-fly" syntax checking information may be incorrect. [C:\Users\krush\Music\RISC_V_PIPELINED\RISC_V_PROCESSOR.srcs\sources_1\new\hazard_unit.v:]
WARNING: [filemgmt 56-199] Attempt to get parsing info during refresh. "On-the-fly" syntax checking information may be incorrect. [C:\Users\krush\Music\RISC_V_PIPELINED\RISC_V_PROCESSOR.srcs\sources_1\new\hazard_unit.v:]
ERROR: [Common 17-180] Spawn failed: No error
WARNING: [filemgmt 56-199] Attempt to get parsing info during refresh. "On-the-fly" syntax checking information may be incorrect. [C:\Users\krush\Music\RISC_V_PIPELINED\RISC_V_PROCESSOR.srcs\sources_1\new\write_cycle.v:]
WARNING: [filemgmt 56-199] Attempt to get parsing info during refresh. "On-the-fly" syntax checking information may be incorrect. [C:\Users\krush\Music\RISC_V_PIPELINED\RISC_V_PROCESSOR.srcs\sim_1\new\tb_riscv.v:]
WARNING: [filemgmt 56-199] Attempt to get parsing info during refresh. "On-the-fly" syntax checking information may be incorrect. [C:\Users\krush\Music\RISC_V_PIPELINED\RISC_V_PROCESSOR.srcs\sources_1\new\decode_cycle.v:]
WARNING: [filemgmt 56-199] Attempt to get parsing info during refresh. "On-the-fly" syntax checking information may be incorrect. [C:\Users\krush\Music\RISC_V_PIPELINED\RISC_V_PROCESSOR.srcs\sources_1\new\Instr_mem.v:]
WARNING: [filemgmt 56-199] Attempt to get parsing info during refresh. "On-the-fly" syntax checking information may be incorrect. [C:\Users\krush\Music\RISC_V_PIPELINED\RISC_V_PROCESSOR.srcs\sources_1\new\hazard_unit.v:]
WARNING: [filemgmt 56-199] Attempt to get parsing info during refresh. "On-the-fly" syntax checking information may be incorrect. [C:\Users\krush\Music\RISC_V_PIPELINED\RISC_V_PROCESSOR.srcs\sources_1\new\decode_cycle.v:]
WARNING: [filemgmt 56-199] Attempt to get parsing info during refresh. "On-the-fly" syntax checking information may be incorrect. [C:\Users\krush\Music\RISC_V_PIPELINED\RISC_V_PROCESSOR.srcs\sources_1\new\decode_cycle.v:]
ERROR: [Common 17-180] Spawn failed: No error
close_sim
INFO: [Simtcl 6-16] Simulation closed
launch_simulation
Command: launch_simulation 
INFO: [Vivado 12-12493] Simulation top is 'tb_riscv'
WARNING: [Vivado 12-13340] Unable to auto find GCC executables from simulator install path! (path not set)
INFO: [Vivado 12-5682] Launching behavioral simulation in 'C:/Users/krush/Music/RISC_V_PIPELINED/RISC_V_PROCESSOR.sim/sim_1/behav/xsim'
INFO: [SIM-utils-51] Simulation object is 'sim_1'
INFO: [SIM-utils-72] Using boost library from 'C:/Xilinx/Vivado/2024.2/tps/boost_1_72_0'
INFO: [SIM-utils-54] Inspecting design source files for 'tb_riscv' in fileset 'sim_1'...
INFO: [USF-XSim-97] Finding global include files...
INFO: [USF-XSim-98] Fetching design files from 'sim_1'...
INFO: [USF-XSim-2] XSim::Compile design
INFO: [USF-XSim-61] Executing 'COMPILE and ANALYZE' step in 'C:/Users/krush/Music/RISC_V_PIPELINED/RISC_V_PROCESSOR.sim/sim_1/behav/xsim'
"xvlog --incr --relax -prj tb_riscv_vlog.prj"
INFO: [VRFC 10-2263] Analyzing Verilog file "C:/Users/krush/Music/RISC_V_PIPELINED/RISC_V_PROCESSOR.srcs/sources_1/new/ALU.v" into library xil_defaultlib
INFO: [VRFC 10-311] analyzing module ALU
INFO: [VRFC 10-2263] Analyzing Verilog file "C:/Users/krush/Music/RISC_V_PIPELINED/RISC_V_PROCESSOR.srcs/sources_1/new/Control_unit.v" into library xil_defaultlib
INFO: [VRFC 10-311] analyzing module Control_unit
INFO: [VRFC 10-2263] Analyzing Verilog file "C:/Users/krush/Music/RISC_V_PIPELINED/RISC_V_PROCESSOR.srcs/sources_1/new/D_FF.v" into library xil_defaultlib
INFO: [VRFC 10-311] analyzing module D_FF
INFO: [VRFC 10-2263] Analyzing Verilog file "C:/Users/krush/Music/RISC_V_PIPELINED/RISC_V_PROCESSOR.srcs/sources_1/new/D_FF_enable.v" into library xil_defaultlib
INFO: [VRFC 10-311] analyzing module D_FF_enable
INFO: [VRFC 10-2263] Analyzing Verilog file "C:/Users/krush/Music/RISC_V_PIPELINED/RISC_V_PROCESSOR.srcs/sources_1/new/D_FF_enable_Flush.v" into library xil_defaultlib
INFO: [VRFC 10-311] analyzing module D_FF_enable_Flush
INFO: [VRFC 10-2263] Analyzing Verilog file "C:/Users/krush/Music/RISC_V_PIPELINED/RISC_V_PROCESSOR.srcs/sources_1/new/D_FF_flush.v" into library xil_defaultlib
INFO: [VRFC 10-311] analyzing module D_FF_flush
INFO: [VRFC 10-2263] Analyzing Verilog file "C:/Users/krush/Music/RISC_V_PIPELINED/RISC_V_PROCESSOR.srcs/sources_1/new/Data_mem.v" into library xil_defaultlib
INFO: [VRFC 10-311] analyzing module Data_mem
INFO: [VRFC 10-2263] Analyzing Verilog file "C:/Users/krush/Music/RISC_V_PIPELINED/RISC_V_PROCESSOR.srcs/sources_1/new/Imm_gen.v" into library xil_defaultlib
INFO: [VRFC 10-311] analyzing module Imm_gen
INFO: [VRFC 10-2263] Analyzing Verilog file "C:/Users/krush/Music/RISC_V_PIPELINED/RISC_V_PROCESSOR.srcs/sources_1/new/Instr_mem.v" into library xil_defaultlib
INFO: [VRFC 10-311] analyzing module Instr_mem
INFO: [VRFC 10-2263] Analyzing Verilog file "C:/Users/krush/Music/RISC_V_PIPELINED/RISC_V_PROCESSOR.srcs/sources_1/new/Register_file.v" into library xil_defaultlib
INFO: [VRFC 10-311] analyzing module Register_file
INFO: [VRFC 10-2263] Analyzing Verilog file "C:/Users/krush/Music/RISC_V_PIPELINED/RISC_V_PROCESSOR.srcs/sources_1/new/decode_cycle.v" into library xil_defaultlib
INFO: [VRFC 10-311] analyzing module decode_cycle
INFO: [VRFC 10-2263] Analyzing Verilog file "C:/Users/krush/Music/RISC_V_PIPELINED/RISC_V_PROCESSOR.srcs/sources_1/new/execute_cycle.v" into library xil_defaultlib
INFO: [VRFC 10-311] analyzing module execute_cycle
INFO: [VRFC 10-2263] Analyzing Verilog file "C:/Users/krush/Music/RISC_V_PIPELINED/RISC_V_PROCESSOR.srcs/sources_1/new/fetch_cycle.v" into library xil_defaultlib
INFO: [VRFC 10-311] analyzing module fetch_cycle
INFO: [VRFC 10-2263] Analyzing Verilog file "C:/Users/krush/Music/RISC_V_PIPELINED/RISC_V_PROCESSOR.srcs/sources_1/new/hazard_unit.v" into library xil_defaultlib
INFO: [VRFC 10-311] analyzing module hazard_unit
INFO: [VRFC 10-2263] Analyzing Verilog file "C:/Users/krush/Music/RISC_V_PIPELINED/RISC_V_PROCESSOR.srcs/sources_1/new/load_unit.v" into library xil_defaultlib
INFO: [VRFC 10-311] analyzing module load_unit
INFO: [VRFC 10-2263] Analyzing Verilog file "C:/Users/krush/Music/RISC_V_PIPELINED/RISC_V_PROCESSOR.srcs/sources_1/new/memory_cycle.v" into library xil_defaultlib
INFO: [VRFC 10-311] analyzing module memory_cycle
INFO: [VRFC 10-2263] Analyzing Verilog file "C:/Users/krush/Music/RISC_V_PIPELINED/RISC_V_PROCESSOR.srcs/sources_1/new/store_unit.v" into library xil_defaultlib
INFO: [VRFC 10-311] analyzing module store_unit
INFO: [VRFC 10-2263] Analyzing Verilog file "C:/Users/krush/Music/RISC_V_PIPELINED/RISC_V_PROCESSOR.srcs/sources_1/new/top.v" into library xil_defaultlib
INFO: [VRFC 10-311] analyzing module top
INFO: [VRFC 10-2263] Analyzing Verilog file "C:/Users/krush/Music/RISC_V_PIPELINED/RISC_V_PROCESSOR.srcs/sources_1/new/write_cycle.v" into library xil_defaultlib
INFO: [VRFC 10-311] analyzing module write_cycle
INFO: [VRFC 10-2263] Analyzing Verilog file "C:/Users/krush/Music/RISC_V_PIPELINED/RISC_V_PROCESSOR.srcs/sim_1/new/tb_riscv.v" into library xil_defaultlib
INFO: [VRFC 10-311] analyzing module tb_riscv
INFO: [USF-XSim-69] 'compile' step finished in '4' seconds
INFO: [USF-XSim-3] XSim::Elaborate design
INFO: [USF-XSim-61] Executing 'ELABORATE' step in 'C:/Users/krush/Music/RISC_V_PIPELINED/RISC_V_PROCESSOR.sim/sim_1/behav/xsim'
"xelab --incr --debug typical --relax --mt 2 -L xil_defaultlib -L unisims_ver -L unimacro_ver -L secureip --snapshot tb_riscv_behav xil_defaultlib.tb_riscv xil_defaultlib.glbl -log elaborate.log"
Vivado Simulator v2024.2.0
Copyright 1986-2022 Xilinx, Inc. All Rights Reserved.
Copyright 2022-2024 Advanced Micro Devices, Inc. All Rights Reserved.
Running: C:/Xilinx/Vivado/2024.2/bin/unwrapped/win64.o/xelab.exe --incr --debug typical --relax --mt 2 -L xil_defaultlib -L unisims_ver -L unimacro_ver -L secureip --snapshot tb_riscv_behav xil_defaultlib.tb_riscv xil_defaultlib.glbl -log elaborate.log 
Using 2 slave threads.
Starting static elaboration
Pass Through NonSizing Optimizer
Completed static elaboration
Starting simulation data flow analysis
Completed simulation data flow analysis
Time Resolution for simulation is 1ps
Compiling module xil_defaultlib.D_FF_enable
Compiling module xil_defaultlib.Instr_mem
Compiling module xil_defaultlib.D_FF_enable_Flush
Compiling module xil_defaultlib.fetch_cycle
Compiling module xil_defaultlib.Control_unit
Compiling module xil_defaultlib.Imm_gen
Compiling module xil_defaultlib.Register_file
Compiling module xil_defaultlib.D_FF_flush
Compiling module xil_defaultlib.D_FF_flush(WIDTH=1)
Compiling module xil_defaultlib.D_FF_flush(WIDTH=2)
Compiling module xil_defaultlib.D_FF_flush(WIDTH=4)
Compiling module xil_defaultlib.D_FF_flush(WIDTH=3)
Compiling module xil_defaultlib.D_FF_flush(WIDTH=5)
Compiling module xil_defaultlib.decode_cycle
Compiling module xil_defaultlib.ALU
Compiling module xil_defaultlib.D_FF(WIDTH=1)
Compiling module xil_defaultlib.D_FF(WIDTH=3)
Compiling module xil_defaultlib.D_FF(WIDTH=2)
Compiling module xil_defaultlib.D_FF
Compiling module xil_defaultlib.D_FF(WIDTH=5)
Compiling module xil_defaultlib.execute_cycle
Compiling module xil_defaultlib.store_unit
Compiling module xil_defaultlib.Data_mem
Compiling module xil_defaultlib.memory_cycle
Compiling module xil_defaultlib.load_unit
Compiling module xil_defaultlib.write_cycle
Compiling module xil_defaultlib.hazard_unit
Compiling module xil_defaultlib.top
Compiling module xil_defaultlib.tb_riscv
Compiling module xil_defaultlib.glbl
Built simulation snapshot tb_riscv_behav
INFO: [USF-XSim-69] 'elaborate' step finished in '4' seconds
INFO: [USF-XSim-4] XSim::Simulate design
INFO: [USF-XSim-61] Executing 'SIMULATE' step in 'C:/Users/krush/Music/RISC_V_PIPELINED/RISC_V_PROCESSOR.sim/sim_1/behav/xsim'
INFO: [USF-XSim-98] *** Running xsim
   with args "tb_riscv_behav -key {Behavioral:sim_1:Functional:tb_riscv} -tclbatch {tb_riscv.tcl} -log {simulate.log}"
INFO: [USF-XSim-8] Loading simulator feature
Time resolution is 1 ps
source tb_riscv.tcl
# set curr_wave [current_wave_config]
# if { [string length $curr_wave] == 0 } {
#   if { [llength [get_objects]] > 0} {
#     add_wave /
#     set_property needs_save false [current_wave_config]
#   } else {
#      send_msg_id Add_Wave-1 WARNING "No top level signals found. Simulator will start without a wave window. If you want to open a wave window go to 'File->New Waveform Configuration' or type 'create_wave_config' in the TCL console."
#   }
# }
# run 1000ns
Loading instruction memory from rv32i_test.hex
Result = 4294967293
1. addi implementation is correct for x0 
2. addi implementation is correct 
3. slli implementation is correct 
4. slti implementation is correct 
5. sltiu implementation is correct 
6. xori implementation is correct 
7. srli implementation is correct 
8. srai implementation is correct 
9. ori implementation is correct 
10. andi implementation is correct
11. add implementation is correct 
12. sub implementation is correct 
13. sll implementation is correct 
14. slt implementation is correct 
15. sltu implementation is correct 
16. xor implementation is correct 
17. srl implementation is correct 
18. sra implementation is correct 
19. or implementation is correct 
20. and implementation is correct 
21. lui implementation is correct 
23. sb implementation is correct
22. auipc implementation is correct 
24. sh implementation is correct
25. sw implementation is correct
26. lb implementation is correct
27. lh implementation is correct
28. lw implementation is correct
29. lbu implementation is correct
30. lhu implementation is correct
31. blt is executing
31. blt is executing
31. blt is executing
31. blt is executing
31. blt is executing
31. blt is executing
31. blt is executing
31. blt is executing
31. blt is executing
31. blt is executing
31. blt implementation is correct 
32. bge is executing
32. bge is executing
INFO: [USF-XSim-96] XSim completed. Design snapshot 'tb_riscv_behav' loaded.
INFO: [USF-XSim-97] XSim simulation ran for 1000ns
launch_simulation: Time (s): cpu = 00:00:02 ; elapsed = 00:00:09 . Memory (MB): peak = 2433.984 ; gain = 0.000
run all
32. bge is executing
32. bge is executing
32. bge is executing
32. bge is executing
32. bge is executing
32. bge is executing
32. bge is executing
32. bge is executing
32. bge is executing
32. bge implementation is correct
33. bltu is executing
33. bltu is executing
33. bltu is executing
33. bltu is executing
33. bltu implementation is correct 
34. bgeu is executing
34. bgeu is executing
34. bgeu is executing
34. bgeu is executing
34. bgeu is executing
34. bgeu implementation is correct 
35. bne is executing
35. bne is executing
35. bne is executing
35. bne is executing
35. bne is executing
35. bne implementation is correct 
36. beq is executing
36. beq is executing
36. beq implementation is correct 
37. jalr implementation is correct 
38. jal implementation is correct 
38. jal implementation is correct 
38. jal implementation is correct 
38. jal implementation is correct 
38. jal implementation is correct 
38. jal implementation is correct 
38. jal implementation is correct 
38. jal implementation is correct 
38. jal implementation is correct 
38. jal implementation is correct 
38. jal implementation is correct 
38. jal implementation is correct 
38. jal implementation is correct 
38. jal implementation is correct 
38. jal implementation is correct 
38. jal implementation is correct 
38. jal implementation is correct 
38. jal implementation is correct 
38. jal implementation is correct 
38. jal implementation is correct 
38. jal implementation is correct 
38. jal implementation is correct 
38. jal implementation is correct 
38. jal implementation is correct 
38. jal implementation is correct 
38. jal implementation is correct 
38. jal implementation is correct 
38. jal implementation is correct 
38. jal implementation is correct 
38. jal implementation is correct 
38. jal implementation is correct 
38. jal implementation is correct 
38. jal implementation is correct 
Faulty Instructions =>           0
No errors encountered, congratulations!
$stop called at time : 3365 ns : File "C:/Users/krush/Music/RISC_V_PIPELINED/RISC_V_PROCESSOR.srcs/sim_1/new/tb_riscv.v" Line 571
close_sim
WARNING: [filemgmt 56-199] Attempt to get parsing info during refresh. "On-the-fly" syntax checking information may be incorrect. [C:\Users\krush\Music\RISC_V_PIPELINED\RISC_V_PROCESSOR.srcs\sources_1\new\write_cycle.v:]
WARNING: [filemgmt 56-199] Attempt to get parsing info during refresh. "On-the-fly" syntax checking information may be incorrect. [C:\Users\krush\Music\RISC_V_PIPELINED\RISC_V_PROCESSOR.srcs\sim_1\new\tb_riscv.v:]
WARNING: [filemgmt 56-199] Attempt to get parsing info during refresh. "On-the-fly" syntax checking information may be incorrect. [C:\Users\krush\Music\RISC_V_PIPELINED\RISC_V_PROCESSOR.srcs\sources_1\new\decode_cycle.v:]
WARNING: [filemgmt 56-199] Attempt to get parsing info during refresh. "On-the-fly" syntax checking information may be incorrect. [C:\Users\krush\Music\RISC_V_PIPELINED\RISC_V_PROCESSOR.srcs\sources_1\new\Instr_mem.v:]
WARNING: [filemgmt 56-199] Attempt to get parsing info during refresh. "On-the-fly" syntax checking information may be incorrect. [C:\Users\krush\Music\RISC_V_PIPELINED\RISC_V_PROCESSOR.srcs\sources_1\new\hazard_unit.v:]
WARNING: [filemgmt 56-199] Attempt to get parsing info during refresh. "On-the-fly" syntax checking information may be incorrect. [C:\Users\krush\Music\RISC_V_PIPELINED\RISC_V_PROCESSOR.srcs\sources_1\new\decode_cycle.v:]
WARNING: [filemgmt 56-199] Attempt to get parsing info during refresh. "On-the-fly" syntax checking information may be incorrect. [C:\Users\krush\Music\RISC_V_PIPELINED\RISC_V_PROCESSOR.srcs\sources_1\new\decode_cycle.v:]
WARNING: [filemgmt 56-199] Attempt to get parsing info during refresh. "On-the-fly" syntax checking information may be incorrect. [C:\Users\krush\Music\RISC_V_PIPELINED\RISC_V_PROCESSOR.srcs\sources_1\new\write_cycle.v:]
WARNING: [filemgmt 56-199] Attempt to get parsing info during refresh. "On-the-fly" syntax checking information may be incorrect. [C:\Users\krush\Music\RISC_V_PIPELINED\RISC_V_PROCESSOR.srcs\sim_1\new\tb_riscv.v:]
WARNING: [filemgmt 56-199] Attempt to get parsing info during refresh. "On-the-fly" syntax checking information may be incorrect. [C:\Users\krush\Music\RISC_V_PIPELINED\RISC_V_PROCESSOR.srcs\sources_1\new\decode_cycle.v:]
WARNING: [filemgmt 56-199] Attempt to get parsing info during refresh. "On-the-fly" syntax checking information may be incorrect. [C:\Users\krush\Music\RISC_V_PIPELINED\RISC_V_PROCESSOR.srcs\sources_1\new\Instr_mem.v:]
WARNING: [filemgmt 56-199] Attempt to get parsing info during refresh. "On-the-fly" syntax checking information may be incorrect. [C:\Users\krush\Music\RISC_V_PIPELINED\RISC_V_PROCESSOR.srcs\sources_1\new\hazard_unit.v:]
WARNING: [filemgmt 56-199] Attempt to get parsing info during refresh. "On-the-fly" syntax checking information may be incorrect. [C:\Users\krush\Music\RISC_V_PIPELINED\RISC_V_PROCESSOR.srcs\sources_1\new\hazard_unit.v:]
WARNING: [filemgmt 56-199] Attempt to get parsing info during refresh. "On-the-fly" syntax checking information may be incorrect. [C:\Users\krush\Music\RISC_V_PIPELINED\RISC_V_PROCESSOR.srcs\sources_1\new\hazard_unit.v:]
INFO: [Simtcl 6-16] Simulation closed
WARNING: [filemgmt 56-199] Attempt to get parsing info during refresh. "On-the-fly" syntax checking information may be incorrect. [C:\Users\krush\Music\RISC_V_PIPELINED\RISC_V_PROCESSOR.srcs\sources_1\new\write_cycle.v:]
WARNING: [filemgmt 56-199] Attempt to get parsing info during refresh. "On-the-fly" syntax checking information may be incorrect. [C:\Users\krush\Music\RISC_V_PIPELINED\RISC_V_PROCESSOR.srcs\sim_1\new\tb_riscv.v:]
WARNING: [filemgmt 56-199] Attempt to get parsing info during refresh. "On-the-fly" syntax checking information may be incorrect. [C:\Users\krush\Music\RISC_V_PIPELINED\RISC_V_PROCESSOR.srcs\sources_1\new\decode_cycle.v:]
WARNING: [filemgmt 56-199] Attempt to get parsing info during refresh. "On-the-fly" syntax checking information may be incorrect. [C:\Users\krush\Music\RISC_V_PIPELINED\RISC_V_PROCESSOR.srcs\sources_1\new\Instr_mem.v:]
WARNING: [filemgmt 56-199] Attempt to get parsing info during refresh. "On-the-fly" syntax checking information may be incorrect. [C:\Users\krush\Music\RISC_V_PIPELINED\RISC_V_PROCESSOR.srcs\sources_1\new\hazard_unit.v:]
WARNING: [filemgmt 56-199] Attempt to get parsing info during refresh. "On-the-fly" syntax checking information may be incorrect. [C:\Users\krush\Music\RISC_V_PIPELINED\RISC_V_PROCESSOR.srcs\sources_1\new\Instr_mem.v:]
WARNING: [filemgmt 56-199] Attempt to get parsing info during refresh. "On-the-fly" syntax checking information may be incorrect. [C:\Users\krush\Music\RISC_V_PIPELINED\RISC_V_PROCESSOR.srcs\sources_1\new\Instr_mem.v:]
WARNING: [filemgmt 56-199] Attempt to get parsing info during refresh. "On-the-fly" syntax checking information may be incorrect. [C:\Users\krush\Music\RISC_V_PIPELINED\RISC_V_PROCESSOR.srcs\sources_1\new\write_cycle.v:]
WARNING: [filemgmt 56-199] Attempt to get parsing info during refresh. "On-the-fly" syntax checking information may be incorrect. [C:\Users\krush\Music\RISC_V_PIPELINED\RISC_V_PROCESSOR.srcs\sim_1\new\tb_riscv.v:]
WARNING: [filemgmt 56-199] Attempt to get parsing info during refresh. "On-the-fly" syntax checking information may be incorrect. [C:\Users\krush\Music\RISC_V_PIPELINED\RISC_V_PROCESSOR.srcs\sources_1\new\decode_cycle.v:]
WARNING: [filemgmt 56-199] Attempt to get parsing info during refresh. "On-the-fly" syntax checking information may be incorrect. [C:\Users\krush\Music\RISC_V_PIPELINED\RISC_V_PROCESSOR.srcs\sources_1\new\Instr_mem.v:]
WARNING: [filemgmt 56-199] Attempt to get parsing info during refresh. "On-the-fly" syntax checking information may be incorrect. [C:\Users\krush\Music\RISC_V_PIPELINED\RISC_V_PROCESSOR.srcs\sources_1\new\hazard_unit.v:]
WARNING: [filemgmt 56-199] Attempt to get parsing info during refresh. "On-the-fly" syntax checking information may be incorrect. [C:\Users\krush\Music\RISC_V_PIPELINED\RISC_V_PROCESSOR.srcs\sim_1\new\tb_riscv.v:]
WARNING: [filemgmt 56-199] Attempt to get parsing info during refresh. "On-the-fly" syntax checking information may be incorrect. [C:\Users\krush\Music\RISC_V_PIPELINED\RISC_V_PROCESSOR.srcs\sim_1\new\tb_riscv.v:]
WARNING: [filemgmt 56-199] Attempt to get parsing info during refresh. "On-the-fly" syntax checking information may be incorrect. [C:\Users\krush\Music\RISC_V_PIPELINED\RISC_V_PROCESSOR.srcs\sources_1\new\write_cycle.v:]
WARNING: [filemgmt 56-199] Attempt to get parsing info during refresh. "On-the-fly" syntax checking information may be incorrect. [C:\Users\krush\Music\RISC_V_PIPELINED\RISC_V_PROCESSOR.srcs\sim_1\new\tb_riscv.v:]
WARNING: [filemgmt 56-199] Attempt to get parsing info during refresh. "On-the-fly" syntax checking information may be incorrect. [C:\Users\krush\Music\RISC_V_PIPELINED\RISC_V_PROCESSOR.srcs\sources_1\new\decode_cycle.v:]
WARNING: [filemgmt 56-199] Attempt to get parsing info during refresh. "On-the-fly" syntax checking information may be incorrect. [C:\Users\krush\Music\RISC_V_PIPELINED\RISC_V_PROCESSOR.srcs\sources_1\new\Instr_mem.v:]
WARNING: [filemgmt 56-199] Attempt to get parsing info during refresh. "On-the-fly" syntax checking information may be incorrect. [C:\Users\krush\Music\RISC_V_PIPELINED\RISC_V_PROCESSOR.srcs\sources_1\new\hazard_unit.v:]
WARNING: [filemgmt 56-199] Attempt to get parsing info during refresh. "On-the-fly" syntax checking information may be incorrect. [C:\Users\krush\Music\RISC_V_PIPELINED\RISC_V_PROCESSOR.srcs\sources_1\new\Instr_mem.v:]
WARNING: [filemgmt 56-199] Attempt to get parsing info during refresh. "On-the-fly" syntax checking information may be incorrect. [C:\Users\krush\Music\RISC_V_PIPELINED\RISC_V_PROCESSOR.srcs\sources_1\new\Instr_mem.v:]
WARNING: [filemgmt 56-199] Attempt to get parsing info during refresh. "On-the-fly" syntax checking information may be incorrect. [C:\Users\krush\Music\RISC_V_PIPELINED\RISC_V_PROCESSOR.srcs\sources_1\new\write_cycle.v:]
WARNING: [filemgmt 56-199] Attempt to get parsing info during refresh. "On-the-fly" syntax checking information may be incorrect. [C:\Users\krush\Music\RISC_V_PIPELINED\RISC_V_PROCESSOR.srcs\sim_1\new\tb_riscv.v:]
WARNING: [filemgmt 56-199] Attempt to get parsing info during refresh. "On-the-fly" syntax checking information may be incorrect. [C:\Users\krush\Music\RISC_V_PIPELINED\RISC_V_PROCESSOR.srcs\sources_1\new\decode_cycle.v:]
WARNING: [filemgmt 56-199] Attempt to get parsing info during refresh. "On-the-fly" syntax checking information may be incorrect. [C:\Users\krush\Music\RISC_V_PIPELINED\RISC_V_PROCESSOR.srcs\sources_1\new\Instr_mem.v:]
WARNING: [filemgmt 56-199] Attempt to get parsing info during refresh. "On-the-fly" syntax checking information may be incorrect. [C:\Users\krush\Music\RISC_V_PIPELINED\RISC_V_PROCESSOR.srcs\sources_1\new\hazard_unit.v:]
WARNING: [filemgmt 56-199] Attempt to get parsing info during refresh. "On-the-fly" syntax checking information may be incorrect. [C:\Users\krush\Music\RISC_V_PIPELINED\RISC_V_PROCESSOR.srcs\sources_1\new\write_cycle.v:]
WARNING: [filemgmt 56-199] Attempt to get parsing info during refresh. "On-the-fly" syntax checking information may be incorrect. [C:\Users\krush\Music\RISC_V_PIPELINED\RISC_V_PROCESSOR.srcs\sources_1\new\write_cycle.v:]
WARNING: [filemgmt 56-199] Attempt to get parsing info during refresh. "On-the-fly" syntax checking information may be incorrect. [C:\Users\krush\Music\RISC_V_PIPELINED\RISC_V_PROCESSOR.srcs\sources_1\new\write_cycle.v:]
WARNING: [filemgmt 56-199] Attempt to get parsing info during refresh. "On-the-fly" syntax checking information may be incorrect. [C:\Users\krush\Music\RISC_V_PIPELINED\RISC_V_PROCESSOR.srcs\sim_1\new\tb_riscv.v:]
WARNING: [filemgmt 56-199] Attempt to get parsing info during refresh. "On-the-fly" syntax checking information may be incorrect. [C:\Users\krush\Music\RISC_V_PIPELINED\RISC_V_PROCESSOR.srcs\sources_1\new\decode_cycle.v:]
WARNING: [filemgmt 56-199] Attempt to get parsing info during refresh. "On-the-fly" syntax checking information may be incorrect. [C:\Users\krush\Music\RISC_V_PIPELINED\RISC_V_PROCESSOR.srcs\sources_1\new\Instr_mem.v:]
WARNING: [filemgmt 56-199] Attempt to get parsing info during refresh. "On-the-fly" syntax checking information may be incorrect. [C:\Users\krush\Music\RISC_V_PIPELINED\RISC_V_PROCESSOR.srcs\sources_1\new\hazard_unit.v:]
WARNING: [filemgmt 56-199] Attempt to get parsing info during refresh. "On-the-fly" syntax checking information may be incorrect. [C:\Users\krush\Music\RISC_V_PIPELINED\RISC_V_PROCESSOR.srcs\sources_1\new\hazard_unit.v:]
WARNING: [filemgmt 56-199] Attempt to get parsing info during refresh. "On-the-fly" syntax checking information may be incorrect. [C:\Users\krush\Music\RISC_V_PIPELINED\RISC_V_PROCESSOR.srcs\sources_1\new\hazard_unit.v:]
ERROR: [Common 17-180] Spawn failed: No error
WARNING: [filemgmt 56-199] Attempt to get parsing info during refresh. "On-the-fly" syntax checking information may be incorrect. [C:\Users\krush\Music\RISC_V_PIPELINED\RISC_V_PROCESSOR.srcs\sources_1\new\write_cycle.v:]
WARNING: [filemgmt 56-199] Attempt to get parsing info during refresh. "On-the-fly" syntax checking information may be incorrect. [C:\Users\krush\Music\RISC_V_PIPELINED\RISC_V_PROCESSOR.srcs\sim_1\new\tb_riscv.v:]
WARNING: [filemgmt 56-199] Attempt to get parsing info during refresh. "On-the-fly" syntax checking information may be incorrect. [C:\Users\krush\Music\RISC_V_PIPELINED\RISC_V_PROCESSOR.srcs\sources_1\new\decode_cycle.v:]
WARNING: [filemgmt 56-199] Attempt to get parsing info during refresh. "On-the-fly" syntax checking information may be incorrect. [C:\Users\krush\Music\RISC_V_PIPELINED\RISC_V_PROCESSOR.srcs\sources_1\new\Instr_mem.v:]
WARNING: [filemgmt 56-199] Attempt to get parsing info during refresh. "On-the-fly" syntax checking information may be incorrect. [C:\Users\krush\Music\RISC_V_PIPELINED\RISC_V_PROCESSOR.srcs\sources_1\new\hazard_unit.v:]
WARNING: [filemgmt 56-199] Attempt to get parsing info during refresh. "On-the-fly" syntax checking information may be incorrect. [C:\Users\krush\Music\RISC_V_PIPELINED\RISC_V_PROCESSOR.srcs\sim_1\new\tb_riscv.v:]
WARNING: [filemgmt 56-199] Attempt to get parsing info during refresh. "On-the-fly" syntax checking information may be incorrect. [C:\Users\krush\Music\RISC_V_PIPELINED\RISC_V_PROCESSOR.srcs\sim_1\new\tb_riscv.v:]
ERROR: [Common 17-180] Spawn failed: No error
WARNING: [filemgmt 56-199] Attempt to get parsing info during refresh. "On-the-fly" syntax checking information may be incorrect. [C:\Users\krush\Music\RISC_V_PIPELINED\RISC_V_PROCESSOR.srcs\sources_1\new\write_cycle.v:]
WARNING: [filemgmt 56-199] Attempt to get parsing info during refresh. "On-the-fly" syntax checking information may be incorrect. [C:\Users\krush\Music\RISC_V_PIPELINED\RISC_V_PROCESSOR.srcs\sim_1\new\tb_riscv.v:]
WARNING: [filemgmt 56-199] Attempt to get parsing info during refresh. "On-the-fly" syntax checking information may be incorrect. [C:\Users\krush\Music\RISC_V_PIPELINED\RISC_V_PROCESSOR.srcs\sources_1\new\decode_cycle.v:]
WARNING: [filemgmt 56-199] Attempt to get parsing info during refresh. "On-the-fly" syntax checking information may be incorrect. [C:\Users\krush\Music\RISC_V_PIPELINED\RISC_V_PROCESSOR.srcs\sources_1\new\Instr_mem.v:]
WARNING: [filemgmt 56-199] Attempt to get parsing info during refresh. "On-the-fly" syntax checking information may be incorrect. [C:\Users\krush\Music\RISC_V_PIPELINED\RISC_V_PROCESSOR.srcs\sources_1\new\hazard_unit.v:]
WARNING: [filemgmt 56-199] Attempt to get parsing info during refresh. "On-the-fly" syntax checking information may be incorrect. [C:\Users\krush\Music\RISC_V_PIPELINED\RISC_V_PROCESSOR.srcs\sources_1\new\decode_cycle.v:]
WARNING: [filemgmt 56-199] Attempt to get parsing info during refresh. "On-the-fly" syntax checking information may be incorrect. [C:\Users\krush\Music\RISC_V_PIPELINED\RISC_V_PROCESSOR.srcs\sources_1\new\decode_cycle.v:]
WARNING: [filemgmt 56-199] Attempt to get parsing info during refresh. "On-the-fly" syntax checking information may be incorrect. [C:\Users\krush\Music\RISC_V_PIPELINED\RISC_V_PROCESSOR.srcs\sources_1\new\write_cycle.v:]
WARNING: [filemgmt 56-199] Attempt to get parsing info during refresh. "On-the-fly" syntax checking information may be incorrect. [C:\Users\krush\Music\RISC_V_PIPELINED\RISC_V_PROCESSOR.srcs\sim_1\new\tb_riscv.v:]
WARNING: [filemgmt 56-199] Attempt to get parsing info during refresh. "On-the-fly" syntax checking information may be incorrect. [C:\Users\krush\Music\RISC_V_PIPELINED\RISC_V_PROCESSOR.srcs\sources_1\new\decode_cycle.v:]
WARNING: [filemgmt 56-199] Attempt to get parsing info during refresh. "On-the-fly" syntax checking information may be incorrect. [C:\Users\krush\Music\RISC_V_PIPELINED\RISC_V_PROCESSOR.srcs\sources_1\new\Instr_mem.v:]
WARNING: [filemgmt 56-199] Attempt to get parsing info during refresh. "On-the-fly" syntax checking information may be incorrect. [C:\Users\krush\Music\RISC_V_PIPELINED\RISC_V_PROCESSOR.srcs\sources_1\new\hazard_unit.v:]
WARNING: [filemgmt 56-199] Attempt to get parsing info during refresh. "On-the-fly" syntax checking information may be incorrect. [C:\Users\krush\Music\RISC_V_PIPELINED\RISC_V_PROCESSOR.srcs\sources_1\new\write_cycle.v:]
WARNING: [filemgmt 56-199] Attempt to get parsing info during refresh. "On-the-fly" syntax checking information may be incorrect. [C:\Users\krush\Music\RISC_V_PIPELINED\RISC_V_PROCESSOR.srcs\sources_1\new\write_cycle.v:]
WARNING: [filemgmt 56-199] Attempt to get parsing info during refresh. "On-the-fly" syntax checking information may be incorrect. [C:\Users\krush\Music\RISC_V_PIPELINED\RISC_V_PROCESSOR.srcs\sources_1\new\write_cycle.v:]
WARNING: [filemgmt 56-199] Attempt to get parsing info during refresh. "On-the-fly" syntax checking information may be incorrect. [C:\Users\krush\Music\RISC_V_PIPELINED\RISC_V_PROCESSOR.srcs\sim_1\new\tb_riscv.v:]
WARNING: [filemgmt 56-199] Attempt to get parsing info during refresh. "On-the-fly" syntax checking information may be incorrect. [C:\Users\krush\Music\RISC_V_PIPELINED\RISC_V_PROCESSOR.srcs\sources_1\new\decode_cycle.v:]
WARNING: [filemgmt 56-199] Attempt to get parsing info during refresh. "On-the-fly" syntax checking information may be incorrect. [C:\Users\krush\Music\RISC_V_PIPELINED\RISC_V_PROCESSOR.srcs\sources_1\new\Instr_mem.v:]
WARNING: [filemgmt 56-199] Attempt to get parsing info during refresh. "On-the-fly" syntax checking information may be incorrect. [C:\Users\krush\Music\RISC_V_PIPELINED\RISC_V_PROCESSOR.srcs\sources_1\new\hazard_unit.v:]
WARNING: [filemgmt 56-199] Attempt to get parsing info during refresh. "On-the-fly" syntax checking information may be incorrect. [C:\Users\krush\Music\RISC_V_PIPELINED\RISC_V_PROCESSOR.srcs\sources_1\new\Instr_mem.v:]
WARNING: [filemgmt 56-199] Attempt to get parsing info during refresh. "On-the-fly" syntax checking information may be incorrect. [C:\Users\krush\Music\RISC_V_PIPELINED\RISC_V_PROCESSOR.srcs\sources_1\new\Instr_mem.v:]
ERROR: [Common 17-180] Spawn failed: No error
WARNING: [filemgmt 56-199] Attempt to get parsing info during refresh. "On-the-fly" syntax checking information may be incorrect. [C:\Users\krush\Music\RISC_V_PIPELINED\RISC_V_PROCESSOR.srcs\sources_1\new\write_cycle.v:]
WARNING: [filemgmt 56-199] Attempt to get parsing info during refresh. "On-the-fly" syntax checking information may be incorrect. [C:\Users\krush\Music\RISC_V_PIPELINED\RISC_V_PROCESSOR.srcs\sim_1\new\tb_riscv.v:]
WARNING: [filemgmt 56-199] Attempt to get parsing info during refresh. "On-the-fly" syntax checking information may be incorrect. [C:\Users\krush\Music\RISC_V_PIPELINED\RISC_V_PROCESSOR.srcs\sources_1\new\decode_cycle.v:]
WARNING: [filemgmt 56-199] Attempt to get parsing info during refresh. "On-the-fly" syntax checking information may be incorrect. [C:\Users\krush\Music\RISC_V_PIPELINED\RISC_V_PROCESSOR.srcs\sources_1\new\Instr_mem.v:]
WARNING: [filemgmt 56-199] Attempt to get parsing info during refresh. "On-the-fly" syntax checking information may be incorrect. [C:\Users\krush\Music\RISC_V_PIPELINED\RISC_V_PROCESSOR.srcs\sources_1\new\hazard_unit.v:]
WARNING: [filemgmt 56-199] Attempt to get parsing info during refresh. "On-the-fly" syntax checking information may be incorrect. [C:\Users\krush\Music\RISC_V_PIPELINED\RISC_V_PROCESSOR.srcs\sim_1\new\tb_riscv.v:]
WARNING: [filemgmt 56-199] Attempt to get parsing info during refresh. "On-the-fly" syntax checking information may be incorrect. [C:\Users\krush\Music\RISC_V_PIPELINED\RISC_V_PROCESSOR.srcs\sim_1\new\tb_riscv.v:]
ERROR: [Common 17-180] Spawn failed: No error
launch_simulation
Command: launch_simulation 
INFO: [Vivado 12-12493] Simulation top is 'tb_riscv'
WARNING: [Vivado 12-13340] Unable to auto find GCC executables from simulator install path! (path not set)
INFO: [Vivado 12-5682] Launching behavioral simulation in 'C:/Users/krush/Music/RISC_V_PIPELINED/RISC_V_PROCESSOR.sim/sim_1/behav/xsim'
INFO: [SIM-utils-51] Simulation object is 'sim_1'
INFO: [SIM-utils-72] Using boost library from 'C:/Xilinx/Vivado/2024.2/tps/boost_1_72_0'
INFO: [SIM-utils-54] Inspecting design source files for 'tb_riscv' in fileset 'sim_1'...
INFO: [USF-XSim-97] Finding global include files...
INFO: [USF-XSim-98] Fetching design files from 'sim_1'...
INFO: [USF-XSim-2] XSim::Compile design
INFO: [USF-XSim-61] Executing 'COMPILE and ANALYZE' step in 'C:/Users/krush/Music/RISC_V_PIPELINED/RISC_V_PROCESSOR.sim/sim_1/behav/xsim'
"xvlog --incr --relax -prj tb_riscv_vlog.prj"
INFO: [VRFC 10-2263] Analyzing Verilog file "C:/Users/krush/Music/RISC_V_PIPELINED/RISC_V_PROCESSOR.srcs/sources_1/new/ALU.v" into library xil_defaultlib
INFO: [VRFC 10-311] analyzing module ALU
INFO: [VRFC 10-2263] Analyzing Verilog file "C:/Users/krush/Music/RISC_V_PIPELINED/RISC_V_PROCESSOR.srcs/sources_1/new/Control_unit.v" into library xil_defaultlib
INFO: [VRFC 10-311] analyzing module Control_unit
INFO: [VRFC 10-2263] Analyzing Verilog file "C:/Users/krush/Music/RISC_V_PIPELINED/RISC_V_PROCESSOR.srcs/sources_1/new/D_FF.v" into library xil_defaultlib
INFO: [VRFC 10-311] analyzing module D_FF
INFO: [VRFC 10-2263] Analyzing Verilog file "C:/Users/krush/Music/RISC_V_PIPELINED/RISC_V_PROCESSOR.srcs/sources_1/new/D_FF_enable.v" into library xil_defaultlib
INFO: [VRFC 10-311] analyzing module D_FF_enable
INFO: [VRFC 10-2263] Analyzing Verilog file "C:/Users/krush/Music/RISC_V_PIPELINED/RISC_V_PROCESSOR.srcs/sources_1/new/D_FF_enable_Flush.v" into library xil_defaultlib
INFO: [VRFC 10-311] analyzing module D_FF_enable_Flush
INFO: [VRFC 10-2263] Analyzing Verilog file "C:/Users/krush/Music/RISC_V_PIPELINED/RISC_V_PROCESSOR.srcs/sources_1/new/D_FF_flush.v" into library xil_defaultlib
INFO: [VRFC 10-311] analyzing module D_FF_flush
INFO: [VRFC 10-2263] Analyzing Verilog file "C:/Users/krush/Music/RISC_V_PIPELINED/RISC_V_PROCESSOR.srcs/sources_1/new/Data_mem.v" into library xil_defaultlib
INFO: [VRFC 10-311] analyzing module Data_mem
INFO: [VRFC 10-2263] Analyzing Verilog file "C:/Users/krush/Music/RISC_V_PIPELINED/RISC_V_PROCESSOR.srcs/sources_1/new/Imm_gen.v" into library xil_defaultlib
INFO: [VRFC 10-311] analyzing module Imm_gen
INFO: [VRFC 10-2263] Analyzing Verilog file "C:/Users/krush/Music/RISC_V_PIPELINED/RISC_V_PROCESSOR.srcs/sources_1/new/Instr_mem.v" into library xil_defaultlib
INFO: [VRFC 10-311] analyzing module Instr_mem
INFO: [VRFC 10-2263] Analyzing Verilog file "C:/Users/krush/Music/RISC_V_PIPELINED/RISC_V_PROCESSOR.srcs/sources_1/new/Register_file.v" into library xil_defaultlib
INFO: [VRFC 10-311] analyzing module Register_file
INFO: [VRFC 10-2263] Analyzing Verilog file "C:/Users/krush/Music/RISC_V_PIPELINED/RISC_V_PROCESSOR.srcs/sources_1/new/decode_cycle.v" into library xil_defaultlib
INFO: [VRFC 10-311] analyzing module decode_cycle
INFO: [VRFC 10-2263] Analyzing Verilog file "C:/Users/krush/Music/RISC_V_PIPELINED/RISC_V_PROCESSOR.srcs/sources_1/new/execute_cycle.v" into library xil_defaultlib
INFO: [VRFC 10-311] analyzing module execute_cycle
INFO: [VRFC 10-2263] Analyzing Verilog file "C:/Users/krush/Music/RISC_V_PIPELINED/RISC_V_PROCESSOR.srcs/sources_1/new/fetch_cycle.v" into library xil_defaultlib
INFO: [VRFC 10-311] analyzing module fetch_cycle
INFO: [VRFC 10-2263] Analyzing Verilog file "C:/Users/krush/Music/RISC_V_PIPELINED/RISC_V_PROCESSOR.srcs/sources_1/new/hazard_unit.v" into library xil_defaultlib
INFO: [VRFC 10-311] analyzing module hazard_unit
INFO: [VRFC 10-2263] Analyzing Verilog file "C:/Users/krush/Music/RISC_V_PIPELINED/RISC_V_PROCESSOR.srcs/sources_1/new/load_unit.v" into library xil_defaultlib
INFO: [VRFC 10-311] analyzing module load_unit
INFO: [VRFC 10-2263] Analyzing Verilog file "C:/Users/krush/Music/RISC_V_PIPELINED/RISC_V_PROCESSOR.srcs/sources_1/new/memory_cycle.v" into library xil_defaultlib
INFO: [VRFC 10-311] analyzing module memory_cycle
INFO: [VRFC 10-2263] Analyzing Verilog file "C:/Users/krush/Music/RISC_V_PIPELINED/RISC_V_PROCESSOR.srcs/sources_1/new/store_unit.v" into library xil_defaultlib
INFO: [VRFC 10-311] analyzing module store_unit
INFO: [VRFC 10-2263] Analyzing Verilog file "C:/Users/krush/Music/RISC_V_PIPELINED/RISC_V_PROCESSOR.srcs/sources_1/new/top.v" into library xil_defaultlib
INFO: [VRFC 10-311] analyzing module top
INFO: [VRFC 10-2263] Analyzing Verilog file "C:/Users/krush/Music/RISC_V_PIPELINED/RISC_V_PROCESSOR.srcs/sources_1/new/write_cycle.v" into library xil_defaultlib
INFO: [VRFC 10-311] analyzing module write_cycle
INFO: [VRFC 10-2263] Analyzing Verilog file "C:/Users/krush/Music/RISC_V_PIPELINED/RISC_V_PROCESSOR.srcs/sim_1/new/tb_riscv.v" into library xil_defaultlib
INFO: [VRFC 10-311] analyzing module tb_riscv
INFO: [USF-XSim-69] 'compile' step finished in '3' seconds
INFO: [USF-XSim-3] XSim::Elaborate design
INFO: [USF-XSim-61] Executing 'ELABORATE' step in 'C:/Users/krush/Music/RISC_V_PIPELINED/RISC_V_PROCESSOR.sim/sim_1/behav/xsim'
"xelab --incr --debug typical --relax --mt 2 -L xil_defaultlib -L unisims_ver -L unimacro_ver -L secureip --snapshot tb_riscv_behav xil_defaultlib.tb_riscv xil_defaultlib.glbl -log elaborate.log"
Vivado Simulator v2024.2.0
Copyright 1986-2022 Xilinx, Inc. All Rights Reserved.
Copyright 2022-2024 Advanced Micro Devices, Inc. All Rights Reserved.
Running: C:/Xilinx/Vivado/2024.2/bin/unwrapped/win64.o/xelab.exe --incr --debug typical --relax --mt 2 -L xil_defaultlib -L unisims_ver -L unimacro_ver -L secureip --snapshot tb_riscv_behav xil_defaultlib.tb_riscv xil_defaultlib.glbl -log elaborate.log 
Using 2 slave threads.
Starting static elaboration
Pass Through NonSizing Optimizer
Completed static elaboration
Starting simulation data flow analysis
Completed simulation data flow analysis
Time Resolution for simulation is 1ps
Compiling module xil_defaultlib.D_FF_enable
Compiling module xil_defaultlib.Instr_mem
Compiling module xil_defaultlib.D_FF_enable_Flush
Compiling module xil_defaultlib.fetch_cycle
Compiling module xil_defaultlib.Control_unit
Compiling module xil_defaultlib.Imm_gen
Compiling module xil_defaultlib.Register_file
Compiling module xil_defaultlib.D_FF_flush
Compiling module xil_defaultlib.D_FF_flush(WIDTH=1)
Compiling module xil_defaultlib.D_FF_flush(WIDTH=2)
Compiling module xil_defaultlib.D_FF_flush(WIDTH=4)
Compiling module xil_defaultlib.D_FF_flush(WIDTH=3)
Compiling module xil_defaultlib.D_FF_flush(WIDTH=5)
Compiling module xil_defaultlib.decode_cycle
Compiling module xil_defaultlib.ALU
Compiling module xil_defaultlib.D_FF(WIDTH=1)
Compiling module xil_defaultlib.D_FF(WIDTH=3)
Compiling module xil_defaultlib.D_FF(WIDTH=2)
Compiling module xil_defaultlib.D_FF
Compiling module xil_defaultlib.D_FF(WIDTH=5)
Compiling module xil_defaultlib.execute_cycle
Compiling module xil_defaultlib.store_unit
Compiling module xil_defaultlib.Data_mem
Compiling module xil_defaultlib.memory_cycle
Compiling module xil_defaultlib.load_unit
Compiling module xil_defaultlib.write_cycle
Compiling module xil_defaultlib.hazard_unit
Compiling module xil_defaultlib.top
Compiling module xil_defaultlib.tb_riscv
Compiling module xil_defaultlib.glbl
Built simulation snapshot tb_riscv_behav
INFO: [USF-XSim-69] 'elaborate' step finished in '4' seconds
INFO: [USF-XSim-4] XSim::Simulate design
INFO: [USF-XSim-61] Executing 'SIMULATE' step in 'C:/Users/krush/Music/RISC_V_PIPELINED/RISC_V_PROCESSOR.sim/sim_1/behav/xsim'
INFO: [USF-XSim-98] *** Running xsim
   with args "tb_riscv_behav -key {Behavioral:sim_1:Functional:tb_riscv} -tclbatch {tb_riscv.tcl} -log {simulate.log}"
INFO: [USF-XSim-8] Loading simulator feature
Time resolution is 1 ps
source tb_riscv.tcl
# set curr_wave [current_wave_config]
# if { [string length $curr_wave] == 0 } {
#   if { [llength [get_objects]] > 0} {
#     add_wave /
#     set_property needs_save false [current_wave_config]
#   } else {
#      send_msg_id Add_Wave-1 WARNING "No top level signals found. Simulator will start without a wave window. If you want to open a wave window go to 'File->New Waveform Configuration' or type 'create_wave_config' in the TCL console."
#   }
# }
# run 1000ns
Loading instruction memory from rv32i_test.hex
Result = 4294967293
1. addi implementation is correct for x0 
2. addi implementation is correct 
3. slli implementation is correct 
4. slti implementation is correct 
5. sltiu implementation is correct 
6. xori implementation is correct 
7. srli implementation is correct 
8. srai implementation is correct 
9. ori implementation is correct 
10. andi implementation is correct
11. add implementation is correct 
12. sub implementation is correct 
13. sll implementation is correct 
14. slt implementation is correct 
15. sltu implementation is correct 
16. xor implementation is correct 
17. srl implementation is correct 
18. sra implementation is correct 
19. or implementation is correct 
20. and implementation is correct 
21. lui implementation is correct 
23. sb implementation is correct
22. auipc implementation is correct 
24. sh implementation is correct
25. sw implementation is correct
26. lb implementation is correct
27. lh implementation is correct
28. lw implementation is correct
29. lbu implementation is correct
30. lhu implementation is correct
31. blt is executing
31. blt is executing
31. blt is executing
31. blt is executing
31. blt is executing
31. blt is executing
31. blt is executing
31. blt is executing
31. blt is executing
31. blt is executing
31. blt implementation is correct 
32. bge is executing
32. bge is executing
INFO: [USF-XSim-96] XSim completed. Design snapshot 'tb_riscv_behav' loaded.
INFO: [USF-XSim-97] XSim simulation ran for 1000ns
launch_simulation: Time (s): cpu = 00:00:02 ; elapsed = 00:00:10 . Memory (MB): peak = 2433.984 ; gain = 0.000
run all
32. bge is executing
32. bge is executing
32. bge is executing
32. bge is executing
32. bge is executing
32. bge is executing
32. bge is executing
32. bge is executing
32. bge is executing
32. bge implementation is correct
33. bltu is executing
33. bltu is executing
33. bltu is executing
33. bltu is executing
33. bltu implementation is correct 
34. bgeu is executing
34. bgeu is executing
34. bgeu is executing
34. bgeu is executing
34. bgeu is executing
34. bgeu implementation is correct 
35. bne is executing
35. bne is executing
35. bne is executing
35. bne is executing
35. bne is executing
35. bne implementation is correct 
36. beq is executing
36. beq is executing
36. beq implementation is correct 
37. jalr implementation is correct 
38. jal implementation is correct 
38. jal implementation is correct 
38. jal implementation is correct 
38. jal implementation is correct 
38. jal implementation is correct 
38. jal implementation is correct 
38. jal implementation is correct 
38. jal implementation is correct 
38. jal implementation is correct 
38. jal implementation is correct 
38. jal implementation is correct 
38. jal implementation is correct 
38. jal implementation is correct 
38. jal implementation is correct 
38. jal implementation is correct 
38. jal implementation is correct 
38. jal implementation is correct 
38. jal implementation is correct 
38. jal implementation is correct 
38. jal implementation is correct 
38. jal implementation is correct 
38. jal implementation is correct 
38. jal implementation is correct 
38. jal implementation is correct 
38. jal implementation is correct 
38. jal implementation is correct 
38. jal implementation is correct 
38. jal implementation is correct 
38. jal implementation is correct 
38. jal implementation is correct 
38. jal implementation is correct 
38. jal implementation is correct 
38. jal implementation is correct 
Faulty Instructions =>           0
No errors encountered, congratulations!
$stop called at time : 3365 ns : File "C:/Users/krush/Music/RISC_V_PIPELINED/RISC_V_PROCESSOR.srcs/sim_1/new/tb_riscv.v" Line 573
WARNING: [filemgmt 56-199] Attempt to get parsing info during refresh. "On-the-fly" syntax checking information may be incorrect. [C:\Users\krush\Music\RISC_V_PIPELINED\RISC_V_PROCESSOR.srcs\sources_1\new\write_cycle.v:]
WARNING: [filemgmt 56-199] Attempt to get parsing info during refresh. "On-the-fly" syntax checking information may be incorrect. [C:\Users\krush\Music\RISC_V_PIPELINED\RISC_V_PROCESSOR.srcs\sim_1\new\tb_riscv.v:]
WARNING: [filemgmt 56-199] Attempt to get parsing info during refresh. "On-the-fly" syntax checking information may be incorrect. [C:\Users\krush\Music\RISC_V_PIPELINED\RISC_V_PROCESSOR.srcs\sources_1\new\decode_cycle.v:]
WARNING: [filemgmt 56-199] Attempt to get parsing info during refresh. "On-the-fly" syntax checking information may be incorrect. [C:\Users\krush\Music\RISC_V_PIPELINED\RISC_V_PROCESSOR.srcs\sources_1\new\Instr_mem.v:]
WARNING: [filemgmt 56-199] Attempt to get parsing info during refresh. "On-the-fly" syntax checking information may be incorrect. [C:\Users\krush\Music\RISC_V_PIPELINED\RISC_V_PROCESSOR.srcs\sources_1\new\hazard_unit.v:]
WARNING: [filemgmt 56-199] Attempt to get parsing info during refresh. "On-the-fly" syntax checking information may be incorrect. [C:\Users\krush\Music\RISC_V_PIPELINED\RISC_V_PROCESSOR.srcs\sources_1\new\Instr_mem.v:]
WARNING: [filemgmt 56-199] Attempt to get parsing info during refresh. "On-the-fly" syntax checking information may be incorrect. [C:\Users\krush\Music\RISC_V_PIPELINED\RISC_V_PROCESSOR.srcs\sources_1\new\Instr_mem.v:]
WARNING: [filemgmt 56-199] Attempt to get parsing info during refresh. "On-the-fly" syntax checking information may be incorrect. [C:\Users\krush\Music\RISC_V_PIPELINED\RISC_V_PROCESSOR.srcs\sources_1\new\write_cycle.v:]
WARNING: [filemgmt 56-199] Attempt to get parsing info during refresh. "On-the-fly" syntax checking information may be incorrect. [C:\Users\krush\Music\RISC_V_PIPELINED\RISC_V_PROCESSOR.srcs\sim_1\new\tb_riscv.v:]
WARNING: [filemgmt 56-199] Attempt to get parsing info during refresh. "On-the-fly" syntax checking information may be incorrect. [C:\Users\krush\Music\RISC_V_PIPELINED\RISC_V_PROCESSOR.srcs\sources_1\new\decode_cycle.v:]
WARNING: [filemgmt 56-199] Attempt to get parsing info during refresh. "On-the-fly" syntax checking information may be incorrect. [C:\Users\krush\Music\RISC_V_PIPELINED\RISC_V_PROCESSOR.srcs\sources_1\new\Instr_mem.v:]
WARNING: [filemgmt 56-199] Attempt to get parsing info during refresh. "On-the-fly" syntax checking information may be incorrect. [C:\Users\krush\Music\RISC_V_PIPELINED\RISC_V_PROCESSOR.srcs\sources_1\new\hazard_unit.v:]
WARNING: [filemgmt 56-199] Attempt to get parsing info during refresh. "On-the-fly" syntax checking information may be incorrect. [C:\Users\krush\Music\RISC_V_PIPELINED\RISC_V_PROCESSOR.srcs\sources_1\new\decode_cycle.v:]
WARNING: [filemgmt 56-199] Attempt to get parsing info during refresh. "On-the-fly" syntax checking information may be incorrect. [C:\Users\krush\Music\RISC_V_PIPELINED\RISC_V_PROCESSOR.srcs\sources_1\new\decode_cycle.v:]
WARNING: [filemgmt 56-199] Attempt to get parsing info during refresh. "On-the-fly" syntax checking information may be incorrect. [C:\Users\krush\Music\RISC_V_PIPELINED\RISC_V_PROCESSOR.srcs\sources_1\new\write_cycle.v:]
WARNING: [filemgmt 56-199] Attempt to get parsing info during refresh. "On-the-fly" syntax checking information may be incorrect. [C:\Users\krush\Music\RISC_V_PIPELINED\RISC_V_PROCESSOR.srcs\sim_1\new\tb_riscv.v:]
WARNING: [filemgmt 56-199] Attempt to get parsing info during refresh. "On-the-fly" syntax checking information may be incorrect. [C:\Users\krush\Music\RISC_V_PIPELINED\RISC_V_PROCESSOR.srcs\sources_1\new\decode_cycle.v:]
WARNING: [filemgmt 56-199] Attempt to get parsing info during refresh. "On-the-fly" syntax checking information may be incorrect. [C:\Users\krush\Music\RISC_V_PIPELINED\RISC_V_PROCESSOR.srcs\sources_1\new\Instr_mem.v:]
WARNING: [filemgmt 56-199] Attempt to get parsing info during refresh. "On-the-fly" syntax checking information may be incorrect. [C:\Users\krush\Music\RISC_V_PIPELINED\RISC_V_PROCESSOR.srcs\sources_1\new\hazard_unit.v:]
WARNING: [filemgmt 56-199] Attempt to get parsing info during refresh. "On-the-fly" syntax checking information may be incorrect. [C:\Users\krush\Music\RISC_V_PIPELINED\RISC_V_PROCESSOR.srcs\sources_1\new\hazard_unit.v:]
WARNING: [filemgmt 56-199] Attempt to get parsing info during refresh. "On-the-fly" syntax checking information may be incorrect. [C:\Users\krush\Music\RISC_V_PIPELINED\RISC_V_PROCESSOR.srcs\sources_1\new\hazard_unit.v:]
ERROR: [Common 17-180] Spawn failed: No error
close_sim
INFO: [Simtcl 6-16] Simulation closed
WARNING: [filemgmt 56-199] Attempt to get parsing info during refresh. "On-the-fly" syntax checking information may be incorrect. [C:\Users\krush\Music\RISC_V_PIPELINED\RISC_V_PROCESSOR.srcs\sources_1\new\write_cycle.v:]
WARNING: [filemgmt 56-199] Attempt to get parsing info during refresh. "On-the-fly" syntax checking information may be incorrect. [C:\Users\krush\Music\RISC_V_PIPELINED\RISC_V_PROCESSOR.srcs\sim_1\new\tb_riscv.v:]
WARNING: [filemgmt 56-199] Attempt to get parsing info during refresh. "On-the-fly" syntax checking information may be incorrect. [C:\Users\krush\Music\RISC_V_PIPELINED\RISC_V_PROCESSOR.srcs\sources_1\new\decode_cycle.v:]
WARNING: [filemgmt 56-199] Attempt to get parsing info during refresh. "On-the-fly" syntax checking information may be incorrect. [C:\Users\krush\Music\RISC_V_PIPELINED\RISC_V_PROCESSOR.srcs\sources_1\new\Instr_mem.v:]
WARNING: [filemgmt 56-199] Attempt to get parsing info during refresh. "On-the-fly" syntax checking information may be incorrect. [C:\Users\krush\Music\RISC_V_PIPELINED\RISC_V_PROCESSOR.srcs\sources_1\new\hazard_unit.v:]
WARNING: [filemgmt 56-199] Attempt to get parsing info during refresh. "On-the-fly" syntax checking information may be incorrect. [C:\Users\krush\Music\RISC_V_PIPELINED\RISC_V_PROCESSOR.srcs\sources_1\new\Instr_mem.v:]
WARNING: [filemgmt 56-199] Attempt to get parsing info during refresh. "On-the-fly" syntax checking information may be incorrect. [C:\Users\krush\Music\RISC_V_PIPELINED\RISC_V_PROCESSOR.srcs\sources_1\new\Instr_mem.v:]
WARNING: [filemgmt 56-199] Attempt to get parsing info during refresh. "On-the-fly" syntax checking information may be incorrect. [C:\Users\krush\Music\RISC_V_PIPELINED\RISC_V_PROCESSOR.srcs\sources_1\new\write_cycle.v:]
WARNING: [filemgmt 56-199] Attempt to get parsing info during refresh. "On-the-fly" syntax checking information may be incorrect. [C:\Users\krush\Music\RISC_V_PIPELINED\RISC_V_PROCESSOR.srcs\sim_1\new\tb_riscv.v:]
WARNING: [filemgmt 56-199] Attempt to get parsing info during refresh. "On-the-fly" syntax checking information may be incorrect. [C:\Users\krush\Music\RISC_V_PIPELINED\RISC_V_PROCESSOR.srcs\sources_1\new\decode_cycle.v:]
WARNING: [filemgmt 56-199] Attempt to get parsing info during refresh. "On-the-fly" syntax checking information may be incorrect. [C:\Users\krush\Music\RISC_V_PIPELINED\RISC_V_PROCESSOR.srcs\sources_1\new\Instr_mem.v:]
WARNING: [filemgmt 56-199] Attempt to get parsing info during refresh. "On-the-fly" syntax checking information may be incorrect. [C:\Users\krush\Music\RISC_V_PIPELINED\RISC_V_PROCESSOR.srcs\sources_1\new\hazard_unit.v:]
WARNING: [filemgmt 56-199] Attempt to get parsing info during refresh. "On-the-fly" syntax checking information may be incorrect. [C:\Users\krush\Music\RISC_V_PIPELINED\RISC_V_PROCESSOR.srcs\sources_1\new\write_cycle.v:]
WARNING: [filemgmt 56-199] Attempt to get parsing info during refresh. "On-the-fly" syntax checking information may be incorrect. [C:\Users\krush\Music\RISC_V_PIPELINED\RISC_V_PROCESSOR.srcs\sources_1\new\write_cycle.v:]
WARNING: [filemgmt 56-199] Attempt to get parsing info during refresh. "On-the-fly" syntax checking information may be incorrect. [C:\Users\krush\Music\RISC_V_PIPELINED\RISC_V_PROCESSOR.srcs\sources_1\new\write_cycle.v:]
WARNING: [filemgmt 56-199] Attempt to get parsing info during refresh. "On-the-fly" syntax checking information may be incorrect. [C:\Users\krush\Music\RISC_V_PIPELINED\RISC_V_PROCESSOR.srcs\sim_1\new\tb_riscv.v:]
WARNING: [filemgmt 56-199] Attempt to get parsing info during refresh. "On-the-fly" syntax checking information may be incorrect. [C:\Users\krush\Music\RISC_V_PIPELINED\RISC_V_PROCESSOR.srcs\sources_1\new\decode_cycle.v:]
WARNING: [filemgmt 56-199] Attempt to get parsing info during refresh. "On-the-fly" syntax checking information may be incorrect. [C:\Users\krush\Music\RISC_V_PIPELINED\RISC_V_PROCESSOR.srcs\sources_1\new\Instr_mem.v:]
WARNING: [filemgmt 56-199] Attempt to get parsing info during refresh. "On-the-fly" syntax checking information may be incorrect. [C:\Users\krush\Music\RISC_V_PIPELINED\RISC_V_PROCESSOR.srcs\sources_1\new\hazard_unit.v:]
WARNING: [filemgmt 56-199] Attempt to get parsing info during refresh. "On-the-fly" syntax checking information may be incorrect. [C:\Users\krush\Music\RISC_V_PIPELINED\RISC_V_PROCESSOR.srcs\sources_1\new\hazard_unit.v:]
WARNING: [filemgmt 56-199] Attempt to get parsing info during refresh. "On-the-fly" syntax checking information may be incorrect. [C:\Users\krush\Music\RISC_V_PIPELINED\RISC_V_PROCESSOR.srcs\sources_1\new\hazard_unit.v:]
ERROR: [Common 17-180] Spawn failed: No error
ERROR: [Common 17-180] Spawn failed: No error
WARNING: [filemgmt 56-199] Attempt to get parsing info during refresh. "On-the-fly" syntax checking information may be incorrect. [C:\Users\krush\Music\RISC_V_PIPELINED\RISC_V_PROCESSOR.srcs\sources_1\new\write_cycle.v:]
WARNING: [filemgmt 56-199] Attempt to get parsing info during refresh. "On-the-fly" syntax checking information may be incorrect. [C:\Users\krush\Music\RISC_V_PIPELINED\RISC_V_PROCESSOR.srcs\sources_1\new\write_cycle.v:]
WARNING: [filemgmt 56-199] Attempt to get parsing info during refresh. "On-the-fly" syntax checking information may be incorrect. [C:\Users\krush\Music\RISC_V_PIPELINED\RISC_V_PROCESSOR.srcs\sim_1\new\tb_riscv.v:]
WARNING: [filemgmt 56-199] Attempt to get parsing info during refresh. "On-the-fly" syntax checking information may be incorrect. [C:\Users\krush\Music\RISC_V_PIPELINED\RISC_V_PROCESSOR.srcs\sources_1\new\decode_cycle.v:]
WARNING: [filemgmt 56-199] Attempt to get parsing info during refresh. "On-the-fly" syntax checking information may be incorrect. [C:\Users\krush\Music\RISC_V_PIPELINED\RISC_V_PROCESSOR.srcs\sources_1\new\Instr_mem.v:]
WARNING: [filemgmt 56-199] Attempt to get parsing info during refresh. "On-the-fly" syntax checking information may be incorrect. [C:\Users\krush\Music\RISC_V_PIPELINED\RISC_V_PROCESSOR.srcs\sources_1\new\hazard_unit.v:]
WARNING: [filemgmt 56-199] Attempt to get parsing info during refresh. "On-the-fly" syntax checking information may be incorrect. [C:\Users\krush\Music\RISC_V_PIPELINED\RISC_V_PROCESSOR.srcs\sources_1\new\Instr_mem.v:]
WARNING: [filemgmt 56-199] Attempt to get parsing info during refresh. "On-the-fly" syntax checking information may be incorrect. [C:\Users\krush\Music\RISC_V_PIPELINED\RISC_V_PROCESSOR.srcs\sources_1\new\Instr_mem.v:]
WARNING: [filemgmt 56-199] Attempt to get parsing info during refresh. "On-the-fly" syntax checking information may be incorrect. [C:\Users\krush\Music\RISC_V_PIPELINED\RISC_V_PROCESSOR.srcs\sources_1\new\write_cycle.v:]
WARNING: [filemgmt 56-199] Attempt to get parsing info during refresh. "On-the-fly" syntax checking information may be incorrect. [C:\Users\krush\Music\RISC_V_PIPELINED\RISC_V_PROCESSOR.srcs\sim_1\new\tb_riscv.v:]
WARNING: [filemgmt 56-199] Attempt to get parsing info during refresh. "On-the-fly" syntax checking information may be incorrect. [C:\Users\krush\Music\RISC_V_PIPELINED\RISC_V_PROCESSOR.srcs\sources_1\new\decode_cycle.v:]
WARNING: [filemgmt 56-199] Attempt to get parsing info during refresh. "On-the-fly" syntax checking information may be incorrect. [C:\Users\krush\Music\RISC_V_PIPELINED\RISC_V_PROCESSOR.srcs\sources_1\new\Instr_mem.v:]
WARNING: [filemgmt 56-199] Attempt to get parsing info during refresh. "On-the-fly" syntax checking information may be incorrect. [C:\Users\krush\Music\RISC_V_PIPELINED\RISC_V_PROCESSOR.srcs\sources_1\new\hazard_unit.v:]
WARNING: [filemgmt 56-199] Attempt to get parsing info during refresh. "On-the-fly" syntax checking information may be incorrect. [C:\Users\krush\Music\RISC_V_PIPELINED\RISC_V_PROCESSOR.srcs\sources_1\new\hazard_unit.v:]
WARNING: [filemgmt 56-199] Attempt to get parsing info during refresh. "On-the-fly" syntax checking information may be incorrect. [C:\Users\krush\Music\RISC_V_PIPELINED\RISC_V_PROCESSOR.srcs\sources_1\new\hazard_unit.v:]
WARNING: [filemgmt 56-199] Attempt to get parsing info during refresh. "On-the-fly" syntax checking information may be incorrect. [C:\Users\krush\Music\RISC_V_PIPELINED\RISC_V_PROCESSOR.srcs\sources_1\new\write_cycle.v:]
WARNING: [filemgmt 56-199] Attempt to get parsing info during refresh. "On-the-fly" syntax checking information may be incorrect. [C:\Users\krush\Music\RISC_V_PIPELINED\RISC_V_PROCESSOR.srcs\sim_1\new\tb_riscv.v:]
WARNING: [filemgmt 56-199] Attempt to get parsing info during refresh. "On-the-fly" syntax checking information may be incorrect. [C:\Users\krush\Music\RISC_V_PIPELINED\RISC_V_PROCESSOR.srcs\sources_1\new\decode_cycle.v:]
WARNING: [filemgmt 56-199] Attempt to get parsing info during refresh. "On-the-fly" syntax checking information may be incorrect. [C:\Users\krush\Music\RISC_V_PIPELINED\RISC_V_PROCESSOR.srcs\sources_1\new\Instr_mem.v:]
WARNING: [filemgmt 56-199] Attempt to get parsing info during refresh. "On-the-fly" syntax checking information may be incorrect. [C:\Users\krush\Music\RISC_V_PIPELINED\RISC_V_PROCESSOR.srcs\sources_1\new\hazard_unit.v:]
WARNING: [filemgmt 56-199] Attempt to get parsing info during refresh. "On-the-fly" syntax checking information may be incorrect. [C:\Users\krush\Music\RISC_V_PIPELINED\RISC_V_PROCESSOR.srcs\sources_1\new\decode_cycle.v:]
WARNING: [filemgmt 56-199] Attempt to get parsing info during refresh. "On-the-fly" syntax checking information may be incorrect. [C:\Users\krush\Music\RISC_V_PIPELINED\RISC_V_PROCESSOR.srcs\sources_1\new\decode_cycle.v:]
WARNING: [filemgmt 56-199] Attempt to get parsing info during refresh. "On-the-fly" syntax checking information may be incorrect. [C:\Users\krush\Music\RISC_V_PIPELINED\RISC_V_PROCESSOR.srcs\sources_1\new\write_cycle.v:]
WARNING: [filemgmt 56-199] Attempt to get parsing info during refresh. "On-the-fly" syntax checking information may be incorrect. [C:\Users\krush\Music\RISC_V_PIPELINED\RISC_V_PROCESSOR.srcs\sim_1\new\tb_riscv.v:]
WARNING: [filemgmt 56-199] Attempt to get parsing info during refresh. "On-the-fly" syntax checking information may be incorrect. [C:\Users\krush\Music\RISC_V_PIPELINED\RISC_V_PROCESSOR.srcs\sources_1\new\decode_cycle.v:]
WARNING: [filemgmt 56-199] Attempt to get parsing info during refresh. "On-the-fly" syntax checking information may be incorrect. [C:\Users\krush\Music\RISC_V_PIPELINED\RISC_V_PROCESSOR.srcs\sources_1\new\Instr_mem.v:]
WARNING: [filemgmt 56-199] Attempt to get parsing info during refresh. "On-the-fly" syntax checking information may be incorrect. [C:\Users\krush\Music\RISC_V_PIPELINED\RISC_V_PROCESSOR.srcs\sources_1\new\hazard_unit.v:]
WARNING: [filemgmt 56-199] Attempt to get parsing info during refresh. "On-the-fly" syntax checking information may be incorrect. [C:\Users\krush\Music\RISC_V_PIPELINED\RISC_V_PROCESSOR.srcs\sim_1\new\tb_riscv.v:]
WARNING: [filemgmt 56-199] Attempt to get parsing info during refresh. "On-the-fly" syntax checking information may be incorrect. [C:\Users\krush\Music\RISC_V_PIPELINED\RISC_V_PROCESSOR.srcs\sim_1\new\tb_riscv.v:]
